run,stage,seed,success,return_
offline_fixed_full_seed100,BC重评,910000,1,1202.8758176356766
offline_fixed_full_seed100,BC重评,910001,1,1234.7477494203285
offline_fixed_full_seed100,BC重评,910002,1,1246.6778641235155
offline_fixed_full_seed100,BC重评,910003,1,1368.7239310696123
offline_fixed_full_seed100,BC重评,910004,1,1181.187377243347
offline_fixed_full_seed100,BC重评,910005,1,1321.7644131968784
offline_fixed_full_seed100,BC重评,910006,1,1133.8737805109024
offline_fixed_full_seed100,BC重评,910007,1,1246.7270163893038
offline_fixed_full_seed100,BC重评,910008,1,1286.3359901760036
offline_fixed_full_seed100,BC重评,910009,1,1218.2474666828005
offline_fixed_full_seed100,BC重评,910010,1,1383.3154106431443
offline_fixed_full_seed100,BC重评,910011,1,562.6640473641162
offline_fixed_full_seed100,BC重评,910012,1,1292.1655475930374
offline_fixed_full_seed100,BC重评,910013,1,1264.4416579996641
offline_fixed_full_seed100,BC重评,910014,1,1306.2190947006327
offline_fixed_full_seed100,BC重评,910015,1,592.9288817049842
offline_fixed_full_seed100,BC重评,910016,1,1270.9621579043912
offline_fixed_full_seed100,BC重评,910017,1,1408.5718462959678
offline_fixed_full_seed100,BC重评,910018,1,837.5025251616269
offline_fixed_full_seed100,BC重评,910019,1,1212.9853327892947
offline_fixed_full_seed100,BC重评,910020,1,1267.230253386911
offline_fixed_full_seed100,BC重评,910021,1,720.1419723512931
offline_fixed_full_seed100,BC重评,910022,1,609.4705245125981
offline_fixed_full_seed100,BC重评,910023,1,1344.4992273957548
offline_fixed_full_seed100,BC重评,910024,1,886.6036703910338
offline_fixed_full_seed100,BC重评,910025,1,469.43183792058466
offline_fixed_full_seed100,BC重评,910026,1,1489.7648183607087
offline_fixed_full_seed100,BC重评,910027,1,1248.0024731068545
offline_fixed_full_seed100,BC重评,910028,0,193.4361175854475
offline_fixed_full_seed100,BC重评,910029,1,1292.7395991447593
offline_fixed_full_seed100,BC重评,910030,1,1080.2071639592027
offline_fixed_full_seed100,BC重评,910031,1,1348.3009491856808
offline_fixed_full_seed100,BC重评,910032,1,1156.2988445118215
offline_fixed_full_seed100,BC重评,910033,1,1363.3746144576314
offline_fixed_full_seed100,BC重评,910034,1,1215.296701009246
offline_fixed_full_seed100,BC重评,910035,1,1348.3662035068626
offline_fixed_full_seed100,BC重评,910036,1,1292.7308485348187
offline_fixed_full_seed100,BC重评,910037,1,1191.0959799139234
offline_fixed_full_seed100,BC重评,910038,1,1181.5452623321166
offline_fixed_full_seed100,BC重评,910039,1,1112.4819774761709
offline_fixed_full_seed100,BC重评,910040,1,1229.5710396459456
offline_fixed_full_seed100,BC重评,910041,1,852.6465257405442
offline_fixed_full_seed100,BC重评,910042,1,1370.8549571395934
offline_fixed_full_seed100,BC重评,910043,1,1302.2069240693204
offline_fixed_full_seed100,BC重评,910044,1,616.1072808431023
offline_fixed_full_seed100,BC重评,910045,1,1263.9585125265735
offline_fixed_full_seed100,BC重评,910046,0,283.55513466872526
offline_fixed_full_seed100,BC重评,910047,1,437.43814606745826
offline_fixed_full_seed100,BC重评,910048,1,1064.2348875294422
offline_fixed_full_seed100,BC重评,910049,1,1080.1817315622127
offline_fixed_full_seed100,BC重评,910050,1,404.7023360684666
offline_fixed_full_seed100,BC重评,910051,1,1294.3814414763028
offline_fixed_full_seed100,BC重评,910052,1,828.8737749553397
offline_fixed_full_seed100,BC重评,910053,1,1340.374114901269
offline_fixed_full_seed100,BC重评,910054,0,264.19747841334845
offline_fixed_full_seed100,BC重评,910055,1,752.7067625027871
offline_fixed_full_seed100,BC重评,910056,1,1096.387112739056
offline_fixed_full_seed100,BC重评,910057,1,1348.161137020621
offline_fixed_full_seed100,BC重评,910058,1,1237.387785456975
offline_fixed_full_seed100,BC重评,910059,1,1217.3379957209663
offline_fixed_full_seed100,BC重评,910060,1,1199.6799021501688
offline_fixed_full_seed100,BC重评,910061,1,703.745021657458
offline_fixed_full_seed100,BC重评,910062,1,1113.418703016137
offline_fixed_full_seed100,BC重评,910063,1,659.1279579140303
offline_fixed_full_seed100,BC重评,910064,0,395.8741671139577
offline_fixed_full_seed100,BC重评,910065,1,565.6919371391847
offline_fixed_full_seed100,BC重评,910066,1,1095.2731205375594
offline_fixed_full_seed100,BC重评,910067,1,1457.366898788674
offline_fixed_full_seed100,BC重评,910068,1,1229.308530384069
offline_fixed_full_seed100,BC重评,910069,1,1279.1215837159048
offline_fixed_full_seed100,BC重评,910070,1,1265.4993487097454
offline_fixed_full_seed100,BC重评,910071,1,1186.0428100922336
offline_fixed_full_seed100,BC重评,910072,1,566.4565221232747
offline_fixed_full_seed100,BC重评,910073,1,1317.549344459422
offline_fixed_full_seed100,BC重评,910074,1,1406.4733830000732
offline_fixed_full_seed100,BC重评,910075,1,1216.8582724550704
offline_fixed_full_seed100,BC重评,910076,1,1547.1738380626625
offline_fixed_full_seed100,BC重评,910077,1,1243.0030378912666
offline_fixed_full_seed100,BC重评,910078,1,837.141215833378
offline_fixed_full_seed100,BC重评,910079,0,385.2223658953071
offline_fixed_full_seed100,BC重评,910080,1,1283.472175749615
offline_fixed_full_seed100,BC重评,910081,1,1337.698593404042
offline_fixed_full_seed100,BC重评,910082,1,1302.84999544605
offline_fixed_full_seed100,BC重评,910083,1,1128.9422862874826
offline_fixed_full_seed100,BC重评,910084,1,1111.701517335186
offline_fixed_full_seed100,BC重评,910085,1,753.6496579171315
offline_fixed_full_seed100,BC重评,910086,1,1250.6538956187815
offline_fixed_full_seed100,BC重评,910087,1,1307.7153578984385
offline_fixed_full_seed100,BC重评,910088,1,1180.6247169324447
offline_fixed_full_seed100,BC重评,910089,1,707.7795943072288
offline_fixed_full_seed100,BC重评,910090,1,1251.1661958711022
offline_fixed_full_seed100,BC重评,910091,1,677.0360312075743
offline_fixed_full_seed100,BC重评,910092,1,637.3790251958019
offline_fixed_full_seed100,BC重评,910093,1,1341.4225973467792
offline_fixed_full_seed100,BC重评,910094,0,327.7716109724135
offline_fixed_full_seed100,BC重评,910095,1,492.63297620332804
offline_fixed_full_seed100,BC重评,910096,1,1232.2415960880014
offline_fixed_full_seed100,BC重评,910097,1,1398.2040149040722
offline_fixed_full_seed100,BC重评,910098,1,1303.9460524427916
offline_fixed_full_seed100,BC重评,910099,1,1374.3219228621044
offline_fixed_full_seed100,原始Offline最终,910000,1,1203.6869298298207
offline_fixed_full_seed100,原始Offline最终,910001,1,1217.6644228548582
offline_fixed_full_seed100,原始Offline最终,910002,1,1246.867735074006
offline_fixed_full_seed100,原始Offline最终,910003,1,1368.5002347463471
offline_fixed_full_seed100,原始Offline最终,910004,1,1199.6942184245665
offline_fixed_full_seed100,原始Offline最终,910005,1,1321.520405014503
offline_fixed_full_seed100,原始Offline最终,910006,1,1134.6041216488316
offline_fixed_full_seed100,原始Offline最终,910007,1,1246.1627170349814
offline_fixed_full_seed100,原始Offline最终,910008,1,1286.7945540527514
offline_fixed_full_seed100,原始Offline最终,910009,1,1219.4481702111498
offline_fixed_full_seed100,原始Offline最终,910010,1,1413.6923104451314
offline_fixed_full_seed100,原始Offline最终,910011,1,582.9377550173743
offline_fixed_full_seed100,原始Offline最终,910012,1,1292.3957000224098
offline_fixed_full_seed100,原始Offline最终,910013,1,1263.955379921972
offline_fixed_full_seed100,原始Offline最终,910014,1,1303.223352334036
offline_fixed_full_seed100,原始Offline最终,910015,1,633.7551781666136
offline_fixed_full_seed100,原始Offline最终,910016,1,1270.594528093828
offline_fixed_full_seed100,原始Offline最终,910017,1,1308.616554373509
offline_fixed_full_seed100,原始Offline最终,910018,1,816.763227152239
offline_fixed_full_seed100,原始Offline最终,910019,1,1213.6566356525882
offline_fixed_full_seed100,原始Offline最终,910020,1,1286.2893461405895
offline_fixed_full_seed100,原始Offline最终,910021,1,814.9349484247862
offline_fixed_full_seed100,原始Offline最终,910022,1,702.2802324794873
offline_fixed_full_seed100,原始Offline最终,910023,1,1344.5452624383051
offline_fixed_full_seed100,原始Offline最终,910024,0,597.8249094913915
offline_fixed_full_seed100,原始Offline最终,910025,1,536.6689008862727
offline_fixed_full_seed100,原始Offline最终,910026,1,1493.5637672822086
offline_fixed_full_seed100,原始Offline最终,910027,1,1262.7877483068758
offline_fixed_full_seed100,原始Offline最终,910028,0,247.48748704612316
offline_fixed_full_seed100,原始Offline最终,910029,1,1292.9917948910877
offline_fixed_full_seed100,原始Offline最终,910030,1,1141.4808029400544
offline_fixed_full_seed100,原始Offline最终,910031,1,1361.7081168403865
offline_fixed_full_seed100,原始Offline最终,910032,1,1167.6785255418054
offline_fixed_full_seed100,原始Offline最终,910033,1,1369.8355785975327
offline_fixed_full_seed100,原始Offline最终,910034,1,1215.5113517777081
offline_fixed_full_seed100,原始Offline最终,910035,1,1348.3006783771646
offline_fixed_full_seed100,原始Offline最终,910036,1,1300.609701370106
offline_fixed_full_seed100,原始Offline最终,910037,1,1195.2897870791107
offline_fixed_full_seed100,原始Offline最终,910038,1,1181.182825336985
offline_fixed_full_seed100,原始Offline最终,910039,1,804.6459996264995
offline_fixed_full_seed100,原始Offline最终,910040,1,1230.0938472306714
offline_fixed_full_seed100,原始Offline最终,910041,1,855.7293624563746
offline_fixed_full_seed100,原始Offline最终,910042,1,1370.7163236133717
offline_fixed_full_seed100,原始Offline最终,910043,1,1235.5620606370976
offline_fixed_full_seed100,原始Offline最终,910044,0,307.7716297142673
offline_fixed_full_seed100,原始Offline最终,910045,1,1286.4001746478793
offline_fixed_full_seed100,原始Offline最终,910046,1,795.0438327344931
offline_fixed_full_seed100,原始Offline最终,910047,1,631.131994648498
offline_fixed_full_seed100,原始Offline最终,910048,1,1066.767149946621
offline_fixed_full_seed100,原始Offline最终,910049,1,1088.8177170798922
offline_fixed_full_seed100,原始Offline最终,910050,1,361.4277418531161
offline_fixed_full_seed100,原始Offline最终,910051,1,1294.4217852270463
offline_fixed_full_seed100,原始Offline最终,910052,1,917.9415031289846
offline_fixed_full_seed100,原始Offline最终,910053,1,1336.7796958759245
offline_fixed_full_seed100,原始Offline最终,910054,1,311.8733054334568
offline_fixed_full_seed100,原始Offline最终,910055,1,707.0373393260696
offline_fixed_full_seed100,原始Offline最终,910056,1,1104.676826872611
offline_fixed_full_seed100,原始Offline最终,910057,1,1353.266200564419
offline_fixed_full_seed100,原始Offline最终,910058,1,1242.6231727745535
offline_fixed_full_seed100,原始Offline最终,910059,1,1220.5661995756582
offline_fixed_full_seed100,原始Offline最终,910060,1,1199.6225376109844
offline_fixed_full_seed100,原始Offline最终,910061,1,689.9532877521924
offline_fixed_full_seed100,原始Offline最终,910062,1,1113.673265145439
offline_fixed_full_seed100,原始Offline最终,910063,1,709.771335202231
offline_fixed_full_seed100,原始Offline最终,910064,1,1298.4290542884683
offline_fixed_full_seed100,原始Offline最终,910065,1,568.5174626902443
offline_fixed_full_seed100,原始Offline最终,910066,1,1108.3334648031034
offline_fixed_full_seed100,原始Offline最终,910067,1,1476.4593641260958
offline_fixed_full_seed100,原始Offline最终,910068,1,1281.3882550613766
offline_fixed_full_seed100,原始Offline最终,910069,1,1287.18839592528
offline_fixed_full_seed100,原始Offline最终,910070,1,1271.269392642851
offline_fixed_full_seed100,原始Offline最终,910071,1,891.1986079047992
offline_fixed_full_seed100,原始Offline最终,910072,1,572.9511392479525
offline_fixed_full_seed100,原始Offline最终,910073,1,1317.3682180174308
offline_fixed_full_seed100,原始Offline最终,910074,1,1427.5711890250786
offline_fixed_full_seed100,原始Offline最终,910075,1,1217.9719929396354
offline_fixed_full_seed100,原始Offline最终,910076,1,1558.801921870153
offline_fixed_full_seed100,原始Offline最终,910077,1,1242.389589201426
offline_fixed_full_seed100,原始Offline最终,910078,1,952.7564942332187
offline_fixed_full_seed100,原始Offline最终,910079,0,478.13783025437414
offline_fixed_full_seed100,原始Offline最终,910080,1,1298.5587509277307
offline_fixed_full_seed100,原始Offline最终,910081,1,1322.5815755194287
offline_fixed_full_seed100,原始Offline最终,910082,1,1310.3070942941163
offline_fixed_full_seed100,原始Offline最终,910083,1,1150.3024746603792
offline_fixed_full_seed100,原始Offline最终,910084,1,1154.873062821288
offline_fixed_full_seed100,原始Offline最终,910085,1,747.6526454692
offline_fixed_full_seed100,原始Offline最终,910086,1,1247.4347142645113
offline_fixed_full_seed100,原始Offline最终,910087,1,1327.4359574312443
offline_fixed_full_seed100,原始Offline最终,910088,1,1184.970207873382
offline_fixed_full_seed100,原始Offline最终,910089,1,717.9195903486844
offline_fixed_full_seed100,原始Offline最终,910090,1,1251.5144113324277
offline_fixed_full_seed100,原始Offline最终,910091,1,1420.7550524264102
offline_fixed_full_seed100,原始Offline最终,910092,1,680.6028820234249
offline_fixed_full_seed100,原始Offline最终,910093,1,1343.5342610066364
offline_fixed_full_seed100,原始Offline最终,910094,0,269.5397963309481
offline_fixed_full_seed100,原始Offline最终,910095,1,456.8636573987652
offline_fixed_full_seed100,原始Offline最终,910096,1,1232.710087286578
offline_fixed_full_seed100,原始Offline最终,910097,1,1397.2800365524834
offline_fixed_full_seed100,原始Offline最终,910098,1,1304.0027480588028
offline_fixed_full_seed100,原始Offline最终,910099,1,1374.3023469893344
offline_fixed_full_seed100,本实验最终,910000,1,1203.7022499601635
offline_fixed_full_seed100,本实验最终,910001,1,1218.9848154855545
offline_fixed_full_seed100,本实验最终,910002,1,1247.586534824431
offline_fixed_full_seed100,本实验最终,910003,1,1369.0662973309577
offline_fixed_full_seed100,本实验最终,910004,1,1192.5080141413916
offline_fixed_full_seed100,本实验最终,910005,1,934.9761684497956
offline_fixed_full_seed100,本实验最终,910006,1,1124.8876988455775
offline_fixed_full_seed100,本实验最终,910007,1,1247.2798005078994
offline_fixed_full_seed100,本实验最终,910008,1,1292.3061259404208
offline_fixed_full_seed100,本实验最终,910009,1,1219.802600648303
offline_fixed_full_seed100,本实验最终,910010,1,1408.3877170773071
offline_fixed_full_seed100,本实验最终,910011,1,582.4156555029965
offline_fixed_full_seed100,本实验最终,910012,1,1292.1921044353085
offline_fixed_full_seed100,本实验最终,910013,1,1264.5971150132905
offline_fixed_full_seed100,本实验最终,910014,1,1292.986075503284
offline_fixed_full_seed100,本实验最终,910015,0,222.13321818716778
offline_fixed_full_seed100,本实验最终,910016,1,1270.9356602286152
offline_fixed_full_seed100,本实验最终,910017,1,1392.9663635022744
offline_fixed_full_seed100,本实验最终,910018,1,897.7975353050044
offline_fixed_full_seed100,本实验最终,910019,1,1218.6648921919405
offline_fixed_full_seed100,本实验最终,910020,1,1266.7937839399415
offline_fixed_full_seed100,本实验最终,910021,1,426.7740079371918
offline_fixed_full_seed100,本实验最终,910022,1,1159.9481596113305
offline_fixed_full_seed100,本实验最终,910023,1,1344.1435634399784
offline_fixed_full_seed100,本实验最终,910024,1,579.5093565989969
offline_fixed_full_seed100,本实验最终,910025,1,533.3717596673453
offline_fixed_full_seed100,本实验最终,910026,1,1491.8445468790146
offline_fixed_full_seed100,本实验最终,910027,1,1262.3009210422135
offline_fixed_full_seed100,本实验最终,910028,1,726.42511046061
offline_fixed_full_seed100,本实验最终,910029,1,1293.5255753484087
offline_fixed_full_seed100,本实验最终,910030,1,1105.0283312752172
offline_fixed_full_seed100,本实验最终,910031,1,1355.275955955674
offline_fixed_full_seed100,本实验最终,910032,1,1160.9938875827788
offline_fixed_full_seed100,本实验最终,910033,1,1363.330199567199
offline_fixed_full_seed100,本实验最终,910034,1,1219.1472505977429
offline_fixed_full_seed100,本实验最终,910035,1,1348.267063862864
offline_fixed_full_seed100,本实验最终,910036,1,1292.7302956771518
offline_fixed_full_seed100,本实验最终,910037,1,1196.296313078541
offline_fixed_full_seed100,本实验最终,910038,1,1181.6545304642484
offline_fixed_full_seed100,本实验最终,910039,1,471.1640493360464
offline_fixed_full_seed100,本实验最终,910040,1,1230.076053393464
offline_fixed_full_seed100,本实验最终,910041,1,856.456863336554
offline_fixed_full_seed100,本实验最终,910042,1,1369.5760143195344
offline_fixed_full_seed100,本实验最终,910043,1,1270.375225741573
offline_fixed_full_seed100,本实验最终,910044,1,600.852553797446
offline_fixed_full_seed100,本实验最终,910045,1,1267.2086915726043
offline_fixed_full_seed100,本实验最终,910046,1,908.2274159316848
offline_fixed_full_seed100,本实验最终,910047,1,364.7420939463069
offline_fixed_full_seed100,本实验最终,910048,1,1085.377080985643
offline_fixed_full_seed100,本实验最终,910049,1,1078.613036751627
offline_fixed_full_seed100,本实验最终,910050,1,364.8926755160968
offline_fixed_full_seed100,本实验最终,910051,1,1294.7074235319546
offline_fixed_full_seed100,本实验最终,910052,1,896.9723504504916
offline_fixed_full_seed100,本实验最终,910053,1,1340.9553701892976
offline_fixed_full_seed100,本实验最终,910054,1,451.504891514884
offline_fixed_full_seed100,本实验最终,910055,1,716.6173171591453
offline_fixed_full_seed100,本实验最终,910056,1,1095.1183202686925
offline_fixed_full_seed100,本实验最终,910057,1,1348.0194047777002
offline_fixed_full_seed100,本实验最终,910058,1,1238.1894006734956
offline_fixed_full_seed100,本实验最终,910059,1,1217.111217834814
offline_fixed_full_seed100,本实验最终,910060,1,1199.7542686742934
offline_fixed_full_seed100,本实验最终,910061,1,702.4428227581778
offline_fixed_full_seed100,本实验最终,910062,1,1113.9954010295432
offline_fixed_full_seed100,本实验最终,910063,1,655.9794187169189
offline_fixed_full_seed100,本实验最终,910064,0,341.03794690814857
offline_fixed_full_seed100,本实验最终,910065,1,504.2325437439249
offline_fixed_full_seed100,本实验最终,910066,1,1025.6064917889037
offline_fixed_full_seed100,本实验最终,910067,1,1425.1668283688841
offline_fixed_full_seed100,本实验最终,910068,1,1304.1750760625023
offline_fixed_full_seed100,本实验最终,910069,1,1283.3729775871548
offline_fixed_full_seed100,本实验最终,910070,1,1265.6198491891912
offline_fixed_full_seed100,本实验最终,910071,1,1245.6143768883219
offline_fixed_full_seed100,本实验最终,910072,1,565.7566165761754
offline_fixed_full_seed100,本实验最终,910073,1,1318.6801642017188
offline_fixed_full_seed100,本实验最终,910074,1,1433.6290848526519
offline_fixed_full_seed100,本实验最终,910075,1,1312.5845963371635
offline_fixed_full_seed100,本实验最终,910076,1,1543.754670902887
offline_fixed_full_seed100,本实验最终,910077,1,1242.2387542955785
offline_fixed_full_seed100,本实验最终,910078,1,736.5754736162044
offline_fixed_full_seed100,本实验最终,910079,1,546.717986711184
offline_fixed_full_seed100,本实验最终,910080,1,1302.2493218126128
offline_fixed_full_seed100,本实验最终,910081,1,1347.5648085398411
offline_fixed_full_seed100,本实验最终,910082,1,1306.8014588932847
offline_fixed_full_seed100,本实验最终,910083,1,1132.5857680284885
offline_fixed_full_seed100,本实验最终,910084,1,1160.9674079079193
offline_fixed_full_seed100,本实验最终,910085,1,750.6614621816369
offline_fixed_full_seed100,本实验最终,910086,1,1247.0790480297562
offline_fixed_full_seed100,本实验最终,910087,1,1316.647881433686
offline_fixed_full_seed100,本实验最终,910088,1,1181.9192812292322
offline_fixed_full_seed100,本实验最终,910089,1,755.5484223247138
offline_fixed_full_seed100,本实验最终,910090,1,1252.7449881022997
offline_fixed_full_seed100,本实验最终,910091,0,612.9453830703414
offline_fixed_full_seed100,本实验最终,910092,1,435.6001060029559
offline_fixed_full_seed100,本实验最终,910093,1,1274.836220472656
offline_fixed_full_seed100,本实验最终,910094,1,347.0172853731806
offline_fixed_full_seed100,本实验最终,910095,1,428.5742297977468
offline_fixed_full_seed100,本实验最终,910096,1,1241.9146956302977
offline_fixed_full_seed100,本实验最终,910097,1,1398.3029473800411
offline_fixed_full_seed100,本实验最终,910098,1,1303.4452252708268
offline_fixed_full_seed100,本实验最终,910099,1,1374.5366027392115
offline_fixed_full_seed300,BC重评,910000,1,1201.6627083419783
offline_fixed_full_seed300,BC重评,910001,1,1217.3439066138615
offline_fixed_full_seed300,BC重评,910002,1,1246.923633877247
offline_fixed_full_seed300,BC重评,910003,1,1372.9494939949677
offline_fixed_full_seed300,BC重评,910004,1,1182.870248107723
offline_fixed_full_seed300,BC重评,910005,1,1323.5939451693885
offline_fixed_full_seed300,BC重评,910006,1,1123.5096782000933
offline_fixed_full_seed300,BC重评,910007,1,1238.1742125855644
offline_fixed_full_seed300,BC重评,910008,1,1286.2752193434844
offline_fixed_full_seed300,BC重评,910009,1,1218.3744589033731
offline_fixed_full_seed300,BC重评,910010,1,1407.7729411681419
offline_fixed_full_seed300,BC重评,910011,1,762.8600770530098
offline_fixed_full_seed300,BC重评,910012,1,1297.863362376808
offline_fixed_full_seed300,BC重评,910013,1,1267.504857312986
offline_fixed_full_seed300,BC重评,910014,1,1292.0559725784158
offline_fixed_full_seed300,BC重评,910015,1,507.1633074511873
offline_fixed_full_seed300,BC重评,910016,1,1265.673045742236
offline_fixed_full_seed300,BC重评,910017,1,1408.3563825242354
offline_fixed_full_seed300,BC重评,910018,1,878.3761513337047
offline_fixed_full_seed300,BC重评,910019,1,1203.1555972324736
offline_fixed_full_seed300,BC重评,910020,1,1266.5151043172573
offline_fixed_full_seed300,BC重评,910021,1,915.1339601176342
offline_fixed_full_seed300,BC重评,910022,1,1149.6202463319087
offline_fixed_full_seed300,BC重评,910023,1,1344.2915211233912
offline_fixed_full_seed300,BC重评,910024,1,1403.6922876996455
offline_fixed_full_seed300,BC重评,910025,1,1482.1303643201677
offline_fixed_full_seed300,BC重评,910026,1,1487.767566111292
offline_fixed_full_seed300,BC重评,910027,1,1257.2531958203347
offline_fixed_full_seed300,BC重评,910028,1,1001.5565627109611
offline_fixed_full_seed300,BC重评,910029,1,1273.2174051011243
offline_fixed_full_seed300,BC重评,910030,1,1067.4304901531314
offline_fixed_full_seed300,BC重评,910031,1,1355.6206671526304
offline_fixed_full_seed300,BC重评,910032,1,1152.0118935101361
offline_fixed_full_seed300,BC重评,910033,1,1313.4870184007168
offline_fixed_full_seed300,BC重评,910034,1,1215.5965948004668
offline_fixed_full_seed300,BC重评,910035,1,1351.9588060293509
offline_fixed_full_seed300,BC重评,910036,1,1292.0276469319688
offline_fixed_full_seed300,BC重评,910037,1,1079.7326412689831
offline_fixed_full_seed300,BC重评,910038,1,1181.4672799059306
offline_fixed_full_seed300,BC重评,910039,0,455.44987694091
offline_fixed_full_seed300,BC重评,910040,1,1230.39065531855
offline_fixed_full_seed300,BC重评,910041,1,866.7480190560682
offline_fixed_full_seed300,BC重评,910042,1,1379.973500820962
offline_fixed_full_seed300,BC重评,910043,0,255.6919757632283
offline_fixed_full_seed300,BC重评,910044,1,476.3029803659073
offline_fixed_full_seed300,BC重评,910045,1,1227.4050851164302
offline_fixed_full_seed300,BC重评,910046,1,728.0998163012152
offline_fixed_full_seed300,BC重评,910047,0,258.282178693941
offline_fixed_full_seed300,BC重评,910048,1,1023.3886942163736
offline_fixed_full_seed300,BC重评,910049,1,1058.97442765104
offline_fixed_full_seed300,BC重评,910050,0,254.05762542129713
offline_fixed_full_seed300,BC重评,910051,1,1305.274120477936
offline_fixed_full_seed300,BC重评,910052,1,785.3936895225895
offline_fixed_full_seed300,BC重评,910053,1,1342.6235725064112
offline_fixed_full_seed300,BC重评,910054,1,486.8027089516494
offline_fixed_full_seed300,BC重评,910055,1,547.8861926677768
offline_fixed_full_seed300,BC重评,910056,1,1099.8859023596344
offline_fixed_full_seed300,BC重评,910057,1,1353.4426346300734
offline_fixed_full_seed300,BC重评,910058,1,1227.3864597548966
offline_fixed_full_seed300,BC重评,910059,1,1212.218213546519
offline_fixed_full_seed300,BC重评,910060,1,1199.6213516970297
offline_fixed_full_seed300,BC重评,910061,1,518.9547512633316
offline_fixed_full_seed300,BC重评,910062,1,1093.3586674801686
offline_fixed_full_seed300,BC重评,910063,1,677.7502072689089
offline_fixed_full_seed300,BC重评,910064,0,332.75604620538337
offline_fixed_full_seed300,BC重评,910065,1,564.3589419410791
offline_fixed_full_seed300,BC重评,910066,1,687.6628110441621
offline_fixed_full_seed300,BC重评,910067,1,1484.0090285691892
offline_fixed_full_seed300,BC重评,910068,0,421.60993490370697
offline_fixed_full_seed300,BC重评,910069,1,1287.4375753451795
offline_fixed_full_seed300,BC重评,910070,1,1265.4240173270998
offline_fixed_full_seed300,BC重评,910071,1,653.8255807212038
offline_fixed_full_seed300,BC重评,910072,1,463.0878829234557
offline_fixed_full_seed300,BC重评,910073,1,1334.156664618205
offline_fixed_full_seed300,BC重评,910074,1,1406.2990108660701
offline_fixed_full_seed300,BC重评,910075,1,1309.6340067940764
offline_fixed_full_seed300,BC重评,910076,1,1544.781625032459
offline_fixed_full_seed300,BC重评,910077,1,1223.326445330367
offline_fixed_full_seed300,BC重评,910078,1,1371.0245029354796
offline_fixed_full_seed300,BC重评,910079,1,881.234679473144
offline_fixed_full_seed300,BC重评,910080,1,1302.7013468356572
offline_fixed_full_seed300,BC重评,910081,1,1327.4665395507209
offline_fixed_full_seed300,BC重评,910082,1,1306.3898248170062
offline_fixed_full_seed300,BC重评,910083,1,1146.0684654977272
offline_fixed_full_seed300,BC重评,910084,1,1115.2810408087523
offline_fixed_full_seed300,BC重评,910085,1,896.2615357427168
offline_fixed_full_seed300,BC重评,910086,1,1236.8011322151826
offline_fixed_full_seed300,BC重评,910087,1,1366.916768561975
offline_fixed_full_seed300,BC重评,910088,1,1185.383994247362
offline_fixed_full_seed300,BC重评,910089,1,721.0981258226398
offline_fixed_full_seed300,BC重评,910090,1,1248.2382766308629
offline_fixed_full_seed300,BC重评,910091,1,1401.457319294197
offline_fixed_full_seed300,BC重评,910092,1,636.12419179226
offline_fixed_full_seed300,BC重评,910093,1,1353.7575438516815
offline_fixed_full_seed300,BC重评,910094,1,819.7261708330875
offline_fixed_full_seed300,BC重评,910095,1,572.22010277112
offline_fixed_full_seed300,BC重评,910096,1,1232.3276662678754
offline_fixed_full_seed300,BC重评,910097,1,1395.9619392139166
offline_fixed_full_seed300,BC重评,910098,1,1311.647316023645
offline_fixed_full_seed300,BC重评,910099,1,1362.9652132019978
offline_fixed_full_seed300,原始Offline最终,910000,1,1203.6213309127045
offline_fixed_full_seed300,原始Offline最终,910001,1,1218.8288481768202
offline_fixed_full_seed300,原始Offline最终,910002,1,1246.5790532466856
offline_fixed_full_seed300,原始Offline最终,910003,1,1361.85138869302
offline_fixed_full_seed300,原始Offline最终,910004,1,1194.1467582459416
offline_fixed_full_seed300,原始Offline最终,910005,1,1314.6573168990992
offline_fixed_full_seed300,原始Offline最终,910006,1,1121.356059985599
offline_fixed_full_seed300,原始Offline最终,910007,1,1238.0675581159746
offline_fixed_full_seed300,原始Offline最终,910008,1,1286.4878156520015
offline_fixed_full_seed300,原始Offline最终,910009,1,1210.9536774735543
offline_fixed_full_seed300,原始Offline最终,910010,1,1412.8024905892853
offline_fixed_full_seed300,原始Offline最终,910011,1,393.49445288749337
offline_fixed_full_seed300,原始Offline最终,910012,1,1298.122846743069
offline_fixed_full_seed300,原始Offline最终,910013,1,1267.696445399363
offline_fixed_full_seed300,原始Offline最终,910014,1,1292.3319816320939
offline_fixed_full_seed300,原始Offline最终,910015,1,598.6738815516237
offline_fixed_full_seed300,原始Offline最终,910016,1,1271.6019466588962
offline_fixed_full_seed300,原始Offline最终,910017,1,1407.1933297861674
offline_fixed_full_seed300,原始Offline最终,910018,1,844.7503076885735
offline_fixed_full_seed300,原始Offline最终,910019,1,1203.4862748673809
offline_fixed_full_seed300,原始Offline最终,910020,1,1266.1279838473854
offline_fixed_full_seed300,原始Offline最终,910021,1,891.527735415511
offline_fixed_full_seed300,原始Offline最终,910022,1,1170.534576491561
offline_fixed_full_seed300,原始Offline最终,910023,1,1344.563819380752
offline_fixed_full_seed300,原始Offline最终,910024,1,977.5207916939635
offline_fixed_full_seed300,原始Offline最终,910025,1,1480.3956521832542
offline_fixed_full_seed300,原始Offline最终,910026,1,1493.2886777022334
offline_fixed_full_seed300,原始Offline最终,910027,1,1277.8015435379561
offline_fixed_full_seed300,原始Offline最终,910028,1,629.5968155409363
offline_fixed_full_seed300,原始Offline最终,910029,1,1283.1564760902857
offline_fixed_full_seed300,原始Offline最终,910030,1,1095.6466247349058
offline_fixed_full_seed300,原始Offline最终,910031,1,1354.339439971752
offline_fixed_full_seed300,原始Offline最终,910032,1,1157.2486018930667
offline_fixed_full_seed300,原始Offline最终,910033,1,1317.3216392798988
offline_fixed_full_seed300,原始Offline最终,910034,1,1215.110516883381
offline_fixed_full_seed300,原始Offline最终,910035,1,1352.8759161051883
offline_fixed_full_seed300,原始Offline最终,910036,1,1282.9296680491411
offline_fixed_full_seed300,原始Offline最终,910037,1,1100.7258964561447
offline_fixed_full_seed300,原始Offline最终,910038,1,1181.892477327136
offline_fixed_full_seed300,原始Offline最终,910039,1,1119.9329664192192
offline_fixed_full_seed300,原始Offline最终,910040,1,1230.4467387099533
offline_fixed_full_seed300,原始Offline最终,910041,1,864.0748024334412
offline_fixed_full_seed300,原始Offline最终,910042,1,1376.0654254069887
offline_fixed_full_seed300,原始Offline最终,910043,0,310.4235644859336
offline_fixed_full_seed300,原始Offline最终,910044,1,445.1544579067204
offline_fixed_full_seed300,原始Offline最终,910045,1,1181.285270839739
offline_fixed_full_seed300,原始Offline最终,910046,1,755.0921245584072
offline_fixed_full_seed300,原始Offline最终,910047,0,232.65246484192107
offline_fixed_full_seed300,原始Offline最终,910048,1,1042.478695548689
offline_fixed_full_seed300,原始Offline最终,910049,1,1068.6265883353938
offline_fixed_full_seed300,原始Offline最终,910050,1,427.77932261378
offline_fixed_full_seed300,原始Offline最终,910051,1,1305.0861532145632
offline_fixed_full_seed300,原始Offline最终,910052,1,792.2414054626104
offline_fixed_full_seed300,原始Offline最终,910053,1,1342.1032503426654
offline_fixed_full_seed300,原始Offline最终,910054,1,390.7497368512355
offline_fixed_full_seed300,原始Offline最终,910055,1,638.8218108587826
offline_fixed_full_seed300,原始Offline最终,910056,1,1062.3022591728216
offline_fixed_full_seed300,原始Offline最终,910057,1,1354.0119475356364
offline_fixed_full_seed300,原始Offline最终,910058,1,1242.183153992387
offline_fixed_full_seed300,原始Offline最终,910059,1,1211.4986123556441
offline_fixed_full_seed300,原始Offline最终,910060,1,1199.8231328963034
offline_fixed_full_seed300,原始Offline最终,910061,1,750.083103674693
offline_fixed_full_seed300,原始Offline最终,910062,1,1124.6410279542927
offline_fixed_full_seed300,原始Offline最终,910063,1,684.9927825695759
offline_fixed_full_seed300,原始Offline最终,910064,0,464.4792026260941
offline_fixed_full_seed300,原始Offline最终,910065,1,553.955178924017
offline_fixed_full_seed300,原始Offline最终,910066,1,425.3305051351457
offline_fixed_full_seed300,原始Offline最终,910067,1,1493.8690667848305
offline_fixed_full_seed300,原始Offline最终,910068,0,179.95178948126753
offline_fixed_full_seed300,原始Offline最终,910069,1,1291.1362495448152
offline_fixed_full_seed300,原始Offline最终,910070,1,1250.2953421706104
offline_fixed_full_seed300,原始Offline最终,910071,1,1266.5904848518135
offline_fixed_full_seed300,原始Offline最终,910072,0,300.5707167002069
offline_fixed_full_seed300,原始Offline最终,910073,1,1343.7164166823834
offline_fixed_full_seed300,原始Offline最终,910074,1,1406.1565306419557
offline_fixed_full_seed300,原始Offline最终,910075,1,1309.1587055642094
offline_fixed_full_seed300,原始Offline最终,910076,1,1544.6768432007334
offline_fixed_full_seed300,原始Offline最终,910077,1,1239.5549905749494
offline_fixed_full_seed300,原始Offline最终,910078,1,920.5364782137979
offline_fixed_full_seed300,原始Offline最终,910079,0,416.61654496256574
offline_fixed_full_seed300,原始Offline最终,910080,1,1302.7624380639886
offline_fixed_full_seed300,原始Offline最终,910081,1,1322.5523344601795
offline_fixed_full_seed300,原始Offline最终,910082,1,1302.4827148336374
offline_fixed_full_seed300,原始Offline最终,910083,1,1159.7822209322749
offline_fixed_full_seed300,原始Offline最终,910084,1,1087.4050854383663
offline_fixed_full_seed300,原始Offline最终,910085,1,908.5592222030704
offline_fixed_full_seed300,原始Offline最终,910086,1,1262.5212024954135
offline_fixed_full_seed300,原始Offline最终,910087,1,1348.82023764298
offline_fixed_full_seed300,原始Offline最终,910088,1,1185.2438346636302
offline_fixed_full_seed300,原始Offline最终,910089,1,721.8095938544676
offline_fixed_full_seed300,原始Offline最终,910090,1,1252.3008316199616
offline_fixed_full_seed300,原始Offline最终,910091,1,1400.6288564265365
offline_fixed_full_seed300,原始Offline最终,910092,1,641.5420029235516
offline_fixed_full_seed300,原始Offline最终,910093,1,1353.627930442927
offline_fixed_full_seed300,原始Offline最终,910094,1,616.7024110989544
offline_fixed_full_seed300,原始Offline最终,910095,1,492.04939526499606
offline_fixed_full_seed300,原始Offline最终,910096,1,1237.4644313973135
offline_fixed_full_seed300,原始Offline最终,910097,1,1395.038808854595
offline_fixed_full_seed300,原始Offline最终,910098,1,1311.526314961362
offline_fixed_full_seed300,原始Offline最终,910099,1,1338.368333466326
offline_fixed_full_seed300,本实验最终,910000,1,1201.5175925419771
offline_fixed_full_seed300,本实验最终,910001,1,1217.7862084018623
offline_fixed_full_seed300,本实验最终,910002,1,1246.3248481577548
offline_fixed_full_seed300,本实验最终,910003,1,1369.1086967297574
offline_fixed_full_seed300,本实验最终,910004,1,1186.1387659493478
offline_fixed_full_seed300,本实验最终,910005,1,1218.8057667747257
offline_fixed_full_seed300,本实验最终,910006,0,214.537419619729
offline_fixed_full_seed300,本实验最终,910007,1,1244.9609448517624
offline_fixed_full_seed300,本实验最终,910008,1,1287.5766870814741
offline_fixed_full_seed300,本实验最终,910009,1,1218.5395746506856
offline_fixed_full_seed300,本实验最终,910010,1,1402.938542911102
offline_fixed_full_seed300,本实验最终,910011,1,806.6827379447838
offline_fixed_full_seed300,本实验最终,910012,1,1293.6445396915788
offline_fixed_full_seed300,本实验最终,910013,1,1267.9075351940855
offline_fixed_full_seed300,本实验最终,910014,1,1303.3242790454726
offline_fixed_full_seed300,本实验最终,910015,0,209.89398336549039
offline_fixed_full_seed300,本实验最终,910016,1,1271.2768931468408
offline_fixed_full_seed300,本实验最终,910017,1,1407.7880330571252
offline_fixed_full_seed300,本实验最终,910018,1,867.4438669921337
offline_fixed_full_seed300,本实验最终,910019,1,1203.6343089630939
offline_fixed_full_seed300,本实验最终,910020,1,1267.3636001659177
offline_fixed_full_seed300,本实验最终,910021,1,858.1809590961279
offline_fixed_full_seed300,本实验最终,910022,1,1207.3902218349526
offline_fixed_full_seed300,本实验最终,910023,1,1344.563449339416
offline_fixed_full_seed300,本实验最终,910024,1,939.0015831917032
offline_fixed_full_seed300,本实验最终,910025,1,1476.3401313031836
offline_fixed_full_seed300,本实验最终,910026,1,1483.247230722082
offline_fixed_full_seed300,本实验最终,910027,1,1272.7269174986839
offline_fixed_full_seed300,本实验最终,910028,1,595.1066510523276
offline_fixed_full_seed300,本实验最终,910029,1,1274.4806449393288
offline_fixed_full_seed300,本实验最终,910030,1,1066.3183660259847
offline_fixed_full_seed300,本实验最终,910031,1,1344.182734898135
offline_fixed_full_seed300,本实验最终,910032,1,1157.8515661872789
offline_fixed_full_seed300,本实验最终,910033,1,1343.5298073387048
offline_fixed_full_seed300,本实验最终,910034,1,1215.2689424966352
offline_fixed_full_seed300,本实验最终,910035,1,1352.3312372470564
offline_fixed_full_seed300,本实验最终,910036,1,1292.4530297733775
offline_fixed_full_seed300,本实验最终,910037,1,1086.614280243858
offline_fixed_full_seed300,本实验最终,910038,1,1181.174113948598
offline_fixed_full_seed300,本实验最终,910039,1,1132.75785278074
offline_fixed_full_seed300,本实验最终,910040,1,1230.1623597018765
offline_fixed_full_seed300,本实验最终,910041,1,864.0624802310122
offline_fixed_full_seed300,本实验最终,910042,1,1380.1384353372614
offline_fixed_full_seed300,本实验最终,910043,0,309.4474538589246
offline_fixed_full_seed300,本实验最终,910044,1,508.3080078671494
offline_fixed_full_seed300,本实验最终,910045,1,1221.2470123156031
offline_fixed_full_seed300,本实验最终,910046,1,732.9758945804897
offline_fixed_full_seed300,本实验最终,910047,0,275.0422728853241
offline_fixed_full_seed300,本实验最终,910048,1,1023.3090972129265
offline_fixed_full_seed300,本实验最终,910049,1,1063.0409515056374
offline_fixed_full_seed300,本实验最终,910050,1,525.1713571669441
offline_fixed_full_seed300,本实验最终,910051,1,1305.2770252531893
offline_fixed_full_seed300,本实验最终,910052,1,837.989663711362
offline_fixed_full_seed300,本实验最终,910053,1,1342.2531960370477
offline_fixed_full_seed300,本实验最终,910054,1,407.83783166800697
offline_fixed_full_seed300,本实验最终,910055,1,722.8915563800714
offline_fixed_full_seed300,本实验最终,910056,1,1085.0028440912158
offline_fixed_full_seed300,本实验最终,910057,1,1356.4994030329972
offline_fixed_full_seed300,本实验最终,910058,1,1230.5036338626194
offline_fixed_full_seed300,本实验最终,910059,1,1216.1101615242285
offline_fixed_full_seed300,本实验最终,910060,1,1199.627477998429
offline_fixed_full_seed300,本实验最终,910061,1,898.6961078142135
offline_fixed_full_seed300,本实验最终,910062,1,1102.4575347277935
offline_fixed_full_seed300,本实验最终,910063,1,654.0530735277482
offline_fixed_full_seed300,本实验最终,910064,0,428.74159051080727
offline_fixed_full_seed300,本实验最终,910065,1,509.4342346383608
offline_fixed_full_seed300,本实验最终,910066,1,452.62660611178995
offline_fixed_full_seed300,本实验最终,910067,1,1483.8987683943708
offline_fixed_full_seed300,本实验最终,910068,0,556.6121289117175
offline_fixed_full_seed300,本实验最终,910069,1,1287.4516664940406
offline_fixed_full_seed300,本实验最终,910070,1,1260.6075124078636
offline_fixed_full_seed300,本实验最终,910071,1,1182.6702273272322
offline_fixed_full_seed300,本实验最终,910072,1,955.3067188314088
offline_fixed_full_seed300,本实验最终,910073,1,1334.0858605875328
offline_fixed_full_seed300,本实验最终,910074,1,1406.7423600532566
offline_fixed_full_seed300,本实验最终,910075,1,1309.5637023020392
offline_fixed_full_seed300,本实验最终,910076,1,1544.221105055282
offline_fixed_full_seed300,本实验最终,910077,1,1223.599748495258
offline_fixed_full_seed300,本实验最终,910078,1,864.5207929290971
offline_fixed_full_seed300,本实验最终,910079,1,482.3033920312938
offline_fixed_full_seed300,本实验最终,910080,1,1303.1461597939278
offline_fixed_full_seed300,本实验最终,910081,1,1326.359598337232
offline_fixed_full_seed300,本实验最终,910082,1,1302.7469526089913
offline_fixed_full_seed300,本实验最终,910083,1,1149.934800952174
offline_fixed_full_seed300,本实验最终,910084,0,209.86049893524802
offline_fixed_full_seed300,本实验最终,910085,1,895.0290435867643
offline_fixed_full_seed300,本实验最终,910086,1,1240.4900313606895
offline_fixed_full_seed300,本实验最终,910087,1,1315.734696010296
offline_fixed_full_seed300,本实验最终,910088,1,1185.6036637731086
offline_fixed_full_seed300,本实验最终,910089,1,734.3083853513633
offline_fixed_full_seed300,本实验最终,910090,1,1247.9906939210907
offline_fixed_full_seed300,本实验最终,910091,1,1401.5297849538174
offline_fixed_full_seed300,本实验最终,910092,1,639.4501338099969
offline_fixed_full_seed300,本实验最终,910093,1,1355.4549896087608
offline_fixed_full_seed300,本实验最终,910094,0,288.73109488604524
offline_fixed_full_seed300,本实验最终,910095,1,370.001128063068
offline_fixed_full_seed300,本实验最终,910096,1,1233.0924470924974
offline_fixed_full_seed300,本实验最终,910097,1,1394.5653267748617
offline_fixed_full_seed300,本实验最终,910098,1,1311.6835445025845
offline_fixed_full_seed300,本实验最终,910099,1,1372.3903547934829
advantage1_val50_seed100,BC重评,920000,1,1222.6447200823268
advantage1_val50_seed100,BC重评,920001,1,1202.0387170592992
advantage1_val50_seed100,BC重评,920002,1,1282.6414030081257
advantage1_val50_seed100,BC重评,920003,1,1336.5538399910815
advantage1_val50_seed100,BC重评,920004,1,1254.443259246622
advantage1_val50_seed100,BC重评,920005,1,1329.1898924745378
advantage1_val50_seed100,BC重评,920006,1,1393.3859645407053
advantage1_val50_seed100,BC重评,920007,1,1091.0314472970306
advantage1_val50_seed100,BC重评,920008,1,1388.7643739017954
advantage1_val50_seed100,BC重评,920009,1,1379.218266297359
advantage1_val50_seed100,BC重评,920010,1,1341.7400827563124
advantage1_val50_seed100,BC重评,920011,1,1431.5671957529212
advantage1_val50_seed100,BC重评,920012,1,1237.2940155504932
advantage1_val50_seed100,BC重评,920013,1,1109.5988467407406
advantage1_val50_seed100,BC重评,920014,1,347.6883220770635
advantage1_val50_seed100,BC重评,920015,1,1230.2218454621334
advantage1_val50_seed100,BC重评,920016,1,1163.0527715579447
advantage1_val50_seed100,BC重评,920017,0,394.1080768469493
advantage1_val50_seed100,BC重评,920018,1,1338.7115042284481
advantage1_val50_seed100,BC重评,920019,1,1439.1912467203786
advantage1_val50_seed100,BC重评,920020,1,1468.5654725092195
advantage1_val50_seed100,BC重评,920021,1,1179.139122138713
advantage1_val50_seed100,BC重评,920022,1,1043.8362111058118
advantage1_val50_seed100,BC重评,920023,1,1255.2256683993182
advantage1_val50_seed100,BC重评,920024,1,1318.3405623942022
advantage1_val50_seed100,BC重评,920025,1,576.0223319106296
advantage1_val50_seed100,BC重评,920026,1,1498.1732730831734
advantage1_val50_seed100,BC重评,920027,1,1183.617601696974
advantage1_val50_seed100,BC重评,920028,1,1280.1604980356374
advantage1_val50_seed100,BC重评,920029,1,1508.4543008595024
advantage1_val50_seed100,BC重评,920030,1,1086.6751556567153
advantage1_val50_seed100,BC重评,920031,1,327.65504658538117
advantage1_val50_seed100,BC重评,920032,1,622.0820652171985
advantage1_val50_seed100,BC重评,920033,1,832.1766309957044
advantage1_val50_seed100,BC重评,920034,1,895.0559630666718
advantage1_val50_seed100,BC重评,920035,1,1094.2279123781823
advantage1_val50_seed100,BC重评,920036,1,1490.4811685413606
advantage1_val50_seed100,BC重评,920037,1,1230.3360495828015
advantage1_val50_seed100,BC重评,920038,1,1196.4707078284703
advantage1_val50_seed100,BC重评,920039,1,1120.1793845651437
advantage1_val50_seed100,BC重评,920040,1,569.0967299056797
advantage1_val50_seed100,BC重评,920041,1,1411.008273654122
advantage1_val50_seed100,BC重评,920042,1,269.7952709349649
advantage1_val50_seed100,BC重评,920043,1,733.4812560734248
advantage1_val50_seed100,BC重评,920044,1,856.1861877968246
advantage1_val50_seed100,BC重评,920045,1,541.7567473203949
advantage1_val50_seed100,BC重评,920046,1,900.3951442440948
advantage1_val50_seed100,BC重评,920047,1,1184.0567308909197
advantage1_val50_seed100,BC重评,920048,1,1488.5114860889544
advantage1_val50_seed100,BC重评,920049,1,1265.780187719312
advantage1_val50_seed100,BC重评,920050,1,1178.491584074363
advantage1_val50_seed100,BC重评,920051,1,1492.0935397627668
advantage1_val50_seed100,BC重评,920052,1,1298.0454563625358
advantage1_val50_seed100,BC重评,920053,1,1301.684574258019
advantage1_val50_seed100,BC重评,920054,1,1247.25147110088
advantage1_val50_seed100,BC重评,920055,1,1347.8016157797656
advantage1_val50_seed100,BC重评,920056,1,1067.8608849914767
advantage1_val50_seed100,BC重评,920057,0,294.9902686044846
advantage1_val50_seed100,BC重评,920058,1,1448.4660017652336
advantage1_val50_seed100,BC重评,920059,1,1201.7655205147046
advantage1_val50_seed100,BC重评,920060,1,1005.4177416712486
advantage1_val50_seed100,BC重评,920061,1,1139.5947689166462
advantage1_val50_seed100,BC重评,920062,1,1321.5992183160706
advantage1_val50_seed100,BC重评,920063,1,1261.0405534772913
advantage1_val50_seed100,BC重评,920064,1,1244.4969284802971
advantage1_val50_seed100,BC重评,920065,1,1197.100521794699
advantage1_val50_seed100,BC重评,920066,1,607.1553966306648
advantage1_val50_seed100,BC重评,920067,1,1436.39859283683
advantage1_val50_seed100,BC重评,920068,1,987.2962162071742
advantage1_val50_seed100,BC重评,920069,1,1193.7158869957948
advantage1_val50_seed100,BC重评,920070,1,1013.767798931568
advantage1_val50_seed100,BC重评,920071,1,1084.005596325414
advantage1_val50_seed100,BC重评,920072,0,208.85061067253073
advantage1_val50_seed100,BC重评,920073,1,1377.9319220839143
advantage1_val50_seed100,BC重评,920074,1,1259.8697766254115
advantage1_val50_seed100,BC重评,920075,1,899.9590801050346
advantage1_val50_seed100,BC重评,920076,1,1235.3666159067882
advantage1_val50_seed100,BC重评,920077,1,1181.9213608159725
advantage1_val50_seed100,BC重评,920078,1,959.9963997859375
advantage1_val50_seed100,BC重评,920079,1,1262.6647695489808
advantage1_val50_seed100,BC重评,920080,1,1412.4941168714795
advantage1_val50_seed100,BC重评,920081,1,1309.6476344629646
advantage1_val50_seed100,BC重评,920082,0,243.05466512560432
advantage1_val50_seed100,BC重评,920083,1,822.8723694174392
advantage1_val50_seed100,BC重评,920084,1,1180.3016732068022
advantage1_val50_seed100,BC重评,920085,1,1290.5190443685417
advantage1_val50_seed100,BC重评,920086,1,1503.9395100929992
advantage1_val50_seed100,BC重评,920087,1,939.0821232051352
advantage1_val50_seed100,BC重评,920088,1,1326.155028969529
advantage1_val50_seed100,BC重评,920089,1,527.9826718359918
advantage1_val50_seed100,BC重评,920090,1,1172.6917526842108
advantage1_val50_seed100,BC重评,920091,1,544.9228098175411
advantage1_val50_seed100,BC重评,920092,1,1158.212564758727
advantage1_val50_seed100,BC重评,920093,1,1004.7556128737137
advantage1_val50_seed100,BC重评,920094,1,1149.4728698072051
advantage1_val50_seed100,BC重评,920095,1,1463.6866993015558
advantage1_val50_seed100,BC重评,920096,1,1193.0468007597744
advantage1_val50_seed100,BC重评,920097,1,1153.0228357000656
advantage1_val50_seed100,BC重评,920098,1,1174.1768917602035
advantage1_val50_seed100,BC重评,920099,1,712.2173294910754
advantage1_val50_seed100,原始Offline最终,920000,1,478.07281363914495
advantage1_val50_seed100,原始Offline最终,920001,1,1209.0443513244008
advantage1_val50_seed100,原始Offline最终,920002,1,1283.5739459038057
advantage1_val50_seed100,原始Offline最终,920003,1,1340.4987135002723
advantage1_val50_seed100,原始Offline最终,920004,1,1258.1390075759364
advantage1_val50_seed100,原始Offline最终,920005,1,1350.883699939459
advantage1_val50_seed100,原始Offline最终,920006,1,1398.0641155800017
advantage1_val50_seed100,原始Offline最终,920007,1,1094.530950428435
advantage1_val50_seed100,原始Offline最终,920008,1,1400.2889888940495
advantage1_val50_seed100,原始Offline最终,920009,1,1379.170489607765
advantage1_val50_seed100,原始Offline最终,920010,1,1347.2373451608235
advantage1_val50_seed100,原始Offline最终,920011,1,1431.11803832218
advantage1_val50_seed100,原始Offline最终,920012,1,1241.7543071119171
advantage1_val50_seed100,原始Offline最终,920013,1,1116.097464379624
advantage1_val50_seed100,原始Offline最终,920014,0,195.58572784330758
advantage1_val50_seed100,原始Offline最终,920015,1,1231.1440875856185
advantage1_val50_seed100,原始Offline最终,920016,1,1167.0445258941759
advantage1_val50_seed100,原始Offline最终,920017,1,767.2632370835682
advantage1_val50_seed100,原始Offline最终,920018,1,1344.6440702652003
advantage1_val50_seed100,原始Offline最终,920019,1,1438.3703921450372
advantage1_val50_seed100,原始Offline最终,920020,1,1472.6497098496134
advantage1_val50_seed100,原始Offline最终,920021,1,1179.329441871093
advantage1_val50_seed100,原始Offline最终,920022,1,1147.253988991742
advantage1_val50_seed100,原始Offline最终,920023,1,1256.18486984017
advantage1_val50_seed100,原始Offline最终,920024,1,1326.471671489794
advantage1_val50_seed100,原始Offline最终,920025,0,227.62333821229467
advantage1_val50_seed100,原始Offline最终,920026,1,1497.554924366083
advantage1_val50_seed100,原始Offline最终,920027,1,1188.595533751811
advantage1_val50_seed100,原始Offline最终,920028,1,1272.439731879684
advantage1_val50_seed100,原始Offline最终,920029,1,1500.3313088192363
advantage1_val50_seed100,原始Offline最终,920030,1,1124.9758279157256
advantage1_val50_seed100,原始Offline最终,920031,1,343.0009927627691
advantage1_val50_seed100,原始Offline最终,920032,1,723.4771190206884
advantage1_val50_seed100,原始Offline最终,920033,1,836.0475244171897
advantage1_val50_seed100,原始Offline最终,920034,1,422.7405531472716
advantage1_val50_seed100,原始Offline最终,920035,1,1134.5796675912877
advantage1_val50_seed100,原始Offline最终,920036,1,1490.117735488329
advantage1_val50_seed100,原始Offline最终,920037,1,1241.0307000187336
advantage1_val50_seed100,原始Offline最终,920038,1,1203.0648558679854
advantage1_val50_seed100,原始Offline最终,920039,1,1120.8440518325192
advantage1_val50_seed100,原始Offline最终,920040,1,1334.575277226454
advantage1_val50_seed100,原始Offline最终,920041,1,1410.71011040022
advantage1_val50_seed100,原始Offline最终,920042,1,264.26995460135424
advantage1_val50_seed100,原始Offline最终,920043,1,737.0255208631324
advantage1_val50_seed100,原始Offline最终,920044,1,890.1586691206637
advantage1_val50_seed100,原始Offline最终,920045,1,438.6126329411065
advantage1_val50_seed100,原始Offline最终,920046,1,935.0619985109395
advantage1_val50_seed100,原始Offline最终,920047,1,1195.0739508163279
advantage1_val50_seed100,原始Offline最终,920048,1,1489.8033483767563
advantage1_val50_seed100,原始Offline最终,920049,1,1271.6388015483885
advantage1_val50_seed100,原始Offline最终,920050,1,1186.9955305688661
advantage1_val50_seed100,原始Offline最终,920051,1,1491.145420218388
advantage1_val50_seed100,原始Offline最终,920052,1,1298.459020310075
advantage1_val50_seed100,原始Offline最终,920053,1,1304.9844177670661
advantage1_val50_seed100,原始Offline最终,920054,1,1248.7401202097615
advantage1_val50_seed100,原始Offline最终,920055,1,1352.016042764174
advantage1_val50_seed100,原始Offline最终,920056,1,1035.7115891057551
advantage1_val50_seed100,原始Offline最终,920057,1,725.6115529544913
advantage1_val50_seed100,原始Offline最终,920058,1,1440.8800819297462
advantage1_val50_seed100,原始Offline最终,920059,1,1202.7635409805953
advantage1_val50_seed100,原始Offline最终,920060,1,927.7465822674969
advantage1_val50_seed100,原始Offline最终,920061,1,1144.0730042268272
advantage1_val50_seed100,原始Offline最终,920062,1,1322.0466697424815
advantage1_val50_seed100,原始Offline最终,920063,1,1281.5949620569595
advantage1_val50_seed100,原始Offline最终,920064,1,1162.7092495261654
advantage1_val50_seed100,原始Offline最终,920065,1,1204.75086488886
advantage1_val50_seed100,原始Offline最终,920066,1,543.8065003680998
advantage1_val50_seed100,原始Offline最终,920067,1,1439.4543511512234
advantage1_val50_seed100,原始Offline最终,920068,1,1045.866415013096
advantage1_val50_seed100,原始Offline最终,920069,1,1194.671952314729
advantage1_val50_seed100,原始Offline最终,920070,1,1028.5723502661253
advantage1_val50_seed100,原始Offline最终,920071,1,1116.4753239470288
advantage1_val50_seed100,原始Offline最终,920072,0,169.37336542798795
advantage1_val50_seed100,原始Offline最终,920073,1,1375.0646491307266
advantage1_val50_seed100,原始Offline最终,920074,1,1261.4813875421423
advantage1_val50_seed100,原始Offline最终,920075,1,914.6206309670783
advantage1_val50_seed100,原始Offline最终,920076,1,1235.8244386381562
advantage1_val50_seed100,原始Offline最终,920077,1,1209.081541060124
advantage1_val50_seed100,原始Offline最终,920078,1,924.2532968354491
advantage1_val50_seed100,原始Offline最终,920079,1,1271.4775841241772
advantage1_val50_seed100,原始Offline最终,920080,1,938.9716630432806
advantage1_val50_seed100,原始Offline最终,920081,1,1316.814707810294
advantage1_val50_seed100,原始Offline最终,920082,1,703.4414756932088
advantage1_val50_seed100,原始Offline最终,920083,1,774.7495157257001
advantage1_val50_seed100,原始Offline最终,920084,1,1185.3120815895163
advantage1_val50_seed100,原始Offline最终,920085,1,1290.6280412180245
advantage1_val50_seed100,原始Offline最终,920086,1,1504.3874514655818
advantage1_val50_seed100,原始Offline最终,920087,1,1006.735812023222
advantage1_val50_seed100,原始Offline最终,920088,1,1343.2117489450693
advantage1_val50_seed100,原始Offline最终,920089,0,271.3196126459165
advantage1_val50_seed100,原始Offline最终,920090,1,1173.2199472875018
advantage1_val50_seed100,原始Offline最终,920091,1,403.4974957571038
advantage1_val50_seed100,原始Offline最终,920092,1,1157.3703048244827
advantage1_val50_seed100,原始Offline最终,920093,1,1037.6818093934226
advantage1_val50_seed100,原始Offline最终,920094,1,1159.307192828715
advantage1_val50_seed100,原始Offline最终,920095,1,1463.857613088402
advantage1_val50_seed100,原始Offline最终,920096,1,1193.1508802581893
advantage1_val50_seed100,原始Offline最终,920097,1,1191.5800198186314
advantage1_val50_seed100,原始Offline最终,920098,1,1304.4032395561385
advantage1_val50_seed100,原始Offline最终,920099,1,719.6239936074971
advantage1_val50_seed100,本实验最终,920000,1,568.0512145094644
advantage1_val50_seed100,本实验最终,920001,1,1202.769561513571
advantage1_val50_seed100,本实验最终,920002,1,1281.2796762359565
advantage1_val50_seed100,本实验最终,920003,1,1255.6695074419422
advantage1_val50_seed100,本实验最终,920004,1,1260.077886621413
advantage1_val50_seed100,本实验最终,920005,1,1350.3105130954773
advantage1_val50_seed100,本实验最终,920006,1,1398.1653737426977
advantage1_val50_seed100,本实验最终,920007,1,1098.838830415787
advantage1_val50_seed100,本实验最终,920008,1,1395.8646165783284
advantage1_val50_seed100,本实验最终,920009,1,1379.367639591391
advantage1_val50_seed100,本实验最终,920010,1,1351.019988335735
advantage1_val50_seed100,本实验最终,920011,1,1427.1410449257432
advantage1_val50_seed100,本实验最终,920012,1,1249.7561458125388
advantage1_val50_seed100,本实验最终,920013,1,1111.9948677417183
advantage1_val50_seed100,本实验最终,920014,1,457.86878044811453
advantage1_val50_seed100,本实验最终,920015,1,1251.0045969476537
advantage1_val50_seed100,本实验最终,920016,1,1162.9929863596258
advantage1_val50_seed100,本实验最终,920017,1,834.9224008719485
advantage1_val50_seed100,本实验最终,920018,1,1338.8520901078011
advantage1_val50_seed100,本实验最终,920019,1,1438.480312569698
advantage1_val50_seed100,本实验最终,920020,1,1477.2845456786308
advantage1_val50_seed100,本实验最终,920021,1,1178.168777797576
advantage1_val50_seed100,本实验最终,920022,1,1020.5715836992384
advantage1_val50_seed100,本实验最终,920023,1,1255.6038845622834
advantage1_val50_seed100,本实验最终,920024,1,1322.6665697327887
advantage1_val50_seed100,本实验最终,920025,1,630.4711652446804
advantage1_val50_seed100,本实验最终,920026,1,1494.4909452665272
advantage1_val50_seed100,本实验最终,920027,1,1187.6515501119748
advantage1_val50_seed100,本实验最终,920028,1,1280.927902900819
advantage1_val50_seed100,本实验最终,920029,1,1510.1046337534474
advantage1_val50_seed100,本实验最终,920030,1,1097.501956720923
advantage1_val50_seed100,本实验最终,920031,1,393.6550391126292
advantage1_val50_seed100,本实验最终,920032,1,1075.6792901548822
advantage1_val50_seed100,本实验最终,920033,1,719.7996183866392
advantage1_val50_seed100,本实验最终,920034,1,892.8420882236491
advantage1_val50_seed100,本实验最终,920035,1,1115.0110337531964
advantage1_val50_seed100,本实验最终,920036,1,1490.0470147716183
advantage1_val50_seed100,本实验最终,920037,1,1240.2167858004598
advantage1_val50_seed100,本实验最终,920038,1,1205.00607246567
advantage1_val50_seed100,本实验最终,920039,1,1121.3409919706567
advantage1_val50_seed100,本实验最终,920040,1,1379.2065516601187
advantage1_val50_seed100,本实验最终,920041,1,1413.3319925375076
advantage1_val50_seed100,本实验最终,920042,1,311.42943828682536
advantage1_val50_seed100,本实验最终,920043,1,727.2452454898523
advantage1_val50_seed100,本实验最终,920044,1,898.617112014431
advantage1_val50_seed100,本实验最终,920045,1,442.1807846807596
advantage1_val50_seed100,本实验最终,920046,1,925.7708475715308
advantage1_val50_seed100,本实验最终,920047,1,1217.0167891930498
advantage1_val50_seed100,本实验最终,920048,1,1489.857737072106
advantage1_val50_seed100,本实验最终,920049,1,1278.20619402271
advantage1_val50_seed100,本实验最终,920050,1,1186.3996188566566
advantage1_val50_seed100,本实验最终,920051,1,1492.1641807956598
advantage1_val50_seed100,本实验最终,920052,1,1298.9043849348632
advantage1_val50_seed100,本实验最终,920053,1,1307.8150771977519
advantage1_val50_seed100,本实验最终,920054,1,1244.1118035184138
advantage1_val50_seed100,本实验最终,920055,1,1348.135290529829
advantage1_val50_seed100,本实验最终,920056,1,1029.7572526816361
advantage1_val50_seed100,本实验最终,920057,1,1106.3346430523202
advantage1_val50_seed100,本实验最终,920058,1,1443.8046623443865
advantage1_val50_seed100,本实验最终,920059,1,1223.4018238700269
advantage1_val50_seed100,本实验最终,920060,1,489.2505124752007
advantage1_val50_seed100,本实验最终,920061,1,1150.5493576610857
advantage1_val50_seed100,本实验最终,920062,1,1335.6113383986867
advantage1_val50_seed100,本实验最终,920063,1,1281.3764516279866
advantage1_val50_seed100,本实验最终,920064,1,1243.6218386849187
advantage1_val50_seed100,本实验最终,920065,1,1225.6401504181285
advantage1_val50_seed100,本实验最终,920066,1,615.1883584552288
advantage1_val50_seed100,本实验最终,920067,1,1435.6579304386778
advantage1_val50_seed100,本实验最终,920068,1,1052.9780720379968
advantage1_val50_seed100,本实验最终,920069,1,1193.465171790303
advantage1_val50_seed100,本实验最终,920070,1,1001.0335125161844
advantage1_val50_seed100,本实验最终,920071,1,1081.8946312273897
advantage1_val50_seed100,本实验最终,920072,0,179.88036719010248
advantage1_val50_seed100,本实验最终,920073,1,1377.5110690342326
advantage1_val50_seed100,本实验最终,920074,1,1261.1544472946384
advantage1_val50_seed100,本实验最终,920075,1,895.1809822557009
advantage1_val50_seed100,本实验最终,920076,1,1244.3858163024502
advantage1_val50_seed100,本实验最终,920077,1,1220.847452602115
advantage1_val50_seed100,本实验最终,920078,0,446.96561504001136
advantage1_val50_seed100,本实验最终,920079,1,1271.146130613786
advantage1_val50_seed100,本实验最终,920080,1,1407.5040873519783
advantage1_val50_seed100,本实验最终,920081,1,1319.44170024843
advantage1_val50_seed100,本实验最终,920082,0,257.4697692071788
advantage1_val50_seed100,本实验最终,920083,1,816.7478943128534
advantage1_val50_seed100,本实验最终,920084,1,1185.9881814747282
advantage1_val50_seed100,本实验最终,920085,1,1286.9973998634953
advantage1_val50_seed100,本实验最终,920086,1,1504.031019150796
advantage1_val50_seed100,本实验最终,920087,1,1014.3778381033868
advantage1_val50_seed100,本实验最终,920088,1,1342.9292477159809
advantage1_val50_seed100,本实验最终,920089,1,619.5471282987447
advantage1_val50_seed100,本实验最终,920090,1,1173.317394790727
advantage1_val50_seed100,本实验最终,920091,1,441.3848153823477
advantage1_val50_seed100,本实验最终,920092,1,1153.420477619914
advantage1_val50_seed100,本实验最终,920093,1,1039.0003179554296
advantage1_val50_seed100,本实验最终,920094,1,1160.764053181831
advantage1_val50_seed100,本实验最终,920095,1,1460.7811063412496
advantage1_val50_seed100,本实验最终,920096,1,1200.7494543373982
advantage1_val50_seed100,本实验最终,920097,1,1072.7364286397487
advantage1_val50_seed100,本实验最终,920098,1,1265.2039049542364
advantage1_val50_seed100,本实验最终,920099,1,716.2901492966062
advantage1_val50_seed300,BC重评,920000,1,503.5951715527771
advantage1_val50_seed300,BC重评,920001,1,1219.185690503154
advantage1_val50_seed300,BC重评,920002,1,1272.284864607544
advantage1_val50_seed300,BC重评,920003,1,1339.0052270908163
advantage1_val50_seed300,BC重评,920004,1,1255.3766099886313
advantage1_val50_seed300,BC重评,920005,1,1334.2053212033316
advantage1_val50_seed300,BC重评,920006,1,1393.8182453440588
advantage1_val50_seed300,BC重评,920007,1,1100.9274364306646
advantage1_val50_seed300,BC重评,920008,1,1387.5695932642407
advantage1_val50_seed300,BC重评,920009,1,1383.7864319656605
advantage1_val50_seed300,BC重评,920010,1,1346.7850643554546
advantage1_val50_seed300,BC重评,920011,1,1422.4824100692585
advantage1_val50_seed300,BC重评,920012,1,1237.6914501372971
advantage1_val50_seed300,BC重评,920013,1,1078.6062844319677
advantage1_val50_seed300,BC重评,920014,1,636.2420084667651
advantage1_val50_seed300,BC重评,920015,1,1244.9685421233598
advantage1_val50_seed300,BC重评,920016,1,1153.250885265081
advantage1_val50_seed300,BC重评,920017,0,412.3263391404715
advantage1_val50_seed300,BC重评,920018,1,1329.1954983390588
advantage1_val50_seed300,BC重评,920019,1,1446.0008157652933
advantage1_val50_seed300,BC重评,920020,1,1466.9415218093955
advantage1_val50_seed300,BC重评,920021,1,1179.0601173987122
advantage1_val50_seed300,BC重评,920022,1,1028.1646233303604
advantage1_val50_seed300,BC重评,920023,1,1247.3788376401285
advantage1_val50_seed300,BC重评,920024,1,1322.418586078441
advantage1_val50_seed300,BC重评,920025,1,342.1823726935998
advantage1_val50_seed300,BC重评,920026,1,1487.4487775360835
advantage1_val50_seed300,BC重评,920027,1,1183.6403204047097
advantage1_val50_seed300,BC重评,920028,1,1270.4051057943998
advantage1_val50_seed300,BC重评,920029,1,1501.2876538993194
advantage1_val50_seed300,BC重评,920030,1,1104.1968190335797
advantage1_val50_seed300,BC重评,920031,1,853.4842850246907
advantage1_val50_seed300,BC重评,920032,1,726.3954966654494
advantage1_val50_seed300,BC重评,920033,1,1100.951704848882
advantage1_val50_seed300,BC重评,920034,0,279.48594680033403
advantage1_val50_seed300,BC重评,920035,1,1124.2411061915404
advantage1_val50_seed300,BC重评,920036,1,1489.9049213443143
advantage1_val50_seed300,BC重评,920037,1,1242.395437456596
advantage1_val50_seed300,BC重评,920038,1,1207.562602769507
advantage1_val50_seed300,BC重评,920039,1,1108.3331243765615
advantage1_val50_seed300,BC重评,920040,1,707.5337214944661
advantage1_val50_seed300,BC重评,920041,1,1417.2737630852357
advantage1_val50_seed300,BC重评,920042,0,212.41116943992049
advantage1_val50_seed300,BC重评,920043,1,668.1303671867176
advantage1_val50_seed300,BC重评,920044,1,873.5001086300133
advantage1_val50_seed300,BC重评,920045,1,523.8520106166242
advantage1_val50_seed300,BC重评,920046,1,739.8808084301818
advantage1_val50_seed300,BC重评,920047,1,1213.656390275171
advantage1_val50_seed300,BC重评,920048,1,1479.7681286803859
advantage1_val50_seed300,BC重评,920049,1,1266.422332952408
advantage1_val50_seed300,BC重评,920050,1,1177.7210715456793
advantage1_val50_seed300,BC重评,920051,1,1491.073073590997
advantage1_val50_seed300,BC重评,920052,1,1283.727502588894
advantage1_val50_seed300,BC重评,920053,1,1305.2207895577098
advantage1_val50_seed300,BC重评,920054,1,1248.9529251391239
advantage1_val50_seed300,BC重评,920055,1,1365.0228408428193
advantage1_val50_seed300,BC重评,920056,1,1095.229143435799
advantage1_val50_seed300,BC重评,920057,0,397.9855382151223
advantage1_val50_seed300,BC重评,920058,1,1409.7433343990529
advantage1_val50_seed300,BC重评,920059,1,1215.9829552887954
advantage1_val50_seed300,BC重评,920060,1,1000.6536557894244
advantage1_val50_seed300,BC重评,920061,1,1090.087660039969
advantage1_val50_seed300,BC重评,920062,1,1339.4428797303544
advantage1_val50_seed300,BC重评,920063,1,1267.8146572779578
advantage1_val50_seed300,BC重评,920064,1,1245.6144997809588
advantage1_val50_seed300,BC重评,920065,1,1146.7627797410819
advantage1_val50_seed300,BC重评,920066,1,487.85895325875674
advantage1_val50_seed300,BC重评,920067,1,1441.0910859407973
advantage1_val50_seed300,BC重评,920068,1,1093.2975628400438
advantage1_val50_seed300,BC重评,920069,1,1194.8109833380554
advantage1_val50_seed300,BC重评,920070,1,1000.3375352905163
advantage1_val50_seed300,BC重评,920071,1,1099.4204957248603
advantage1_val50_seed300,BC重评,920072,1,504.12469227654174
advantage1_val50_seed300,BC重评,920073,1,1347.414685688254
advantage1_val50_seed300,BC重评,920074,1,1231.6819606376584
advantage1_val50_seed300,BC重评,920075,1,911.4899576255907
advantage1_val50_seed300,BC重评,920076,1,1234.41204191922
advantage1_val50_seed300,BC重评,920077,1,1167.683093751929
advantage1_val50_seed300,BC重评,920078,1,979.1023397572717
advantage1_val50_seed300,BC重评,920079,1,1270.123821083924
advantage1_val50_seed300,BC重评,920080,0,555.8548475466341
advantage1_val50_seed300,BC重评,920081,1,1309.2583235471823
advantage1_val50_seed300,BC重评,920082,1,539.0808437017691
advantage1_val50_seed300,BC重评,920083,1,839.2781346002921
advantage1_val50_seed300,BC重评,920084,1,1166.2541689383934
advantage1_val50_seed300,BC重评,920085,1,1282.0584065077173
advantage1_val50_seed300,BC重评,920086,1,1504.2023799770514
advantage1_val50_seed300,BC重评,920087,1,1430.022271429902
advantage1_val50_seed300,BC重评,920088,1,1343.5960468697954
advantage1_val50_seed300,BC重评,920089,1,839.7618194162633
advantage1_val50_seed300,BC重评,920090,1,1152.9919836330268
advantage1_val50_seed300,BC重评,920091,1,538.0732255849181
advantage1_val50_seed300,BC重评,920092,1,1151.9014860059203
advantage1_val50_seed300,BC重评,920093,1,1156.824592542138
advantage1_val50_seed300,BC重评,920094,1,1095.8640736687678
advantage1_val50_seed300,BC重评,920095,1,1442.1515985305841
advantage1_val50_seed300,BC重评,920096,1,1192.9471085857044
advantage1_val50_seed300,BC重评,920097,1,1156.0605451268452
advantage1_val50_seed300,BC重评,920098,1,1191.2044251222865
advantage1_val50_seed300,BC重评,920099,1,733.216172081273
advantage1_val50_seed300,原始Offline最终,920000,1,652.6079310113128
advantage1_val50_seed300,原始Offline最终,920001,1,1208.438344059247
advantage1_val50_seed300,原始Offline最终,920002,1,1280.9372899558832
advantage1_val50_seed300,原始Offline最终,920003,1,1280.363657520749
advantage1_val50_seed300,原始Offline最终,920004,1,1262.0085474602733
advantage1_val50_seed300,原始Offline最终,920005,1,1340.34816640992
advantage1_val50_seed300,原始Offline最终,920006,1,1393.3591301918018
advantage1_val50_seed300,原始Offline最终,920007,1,1107.7445305875663
advantage1_val50_seed300,原始Offline最终,920008,1,1384.2590687405818
advantage1_val50_seed300,原始Offline最终,920009,1,1383.699142651314
advantage1_val50_seed300,原始Offline最终,920010,1,1342.6880147905945
advantage1_val50_seed300,原始Offline最终,920011,1,1432.9239248782997
advantage1_val50_seed300,原始Offline最终,920012,1,1241.3967648657413
advantage1_val50_seed300,原始Offline最终,920013,1,1121.9054911496105
advantage1_val50_seed300,原始Offline最终,920014,0,208.9611856481429
advantage1_val50_seed300,原始Offline最终,920015,1,1255.7557399988082
advantage1_val50_seed300,原始Offline最终,920016,1,1159.080575653558
advantage1_val50_seed300,原始Offline最终,920017,0,388.265376379475
advantage1_val50_seed300,原始Offline最终,920018,1,1383.1095949900323
advantage1_val50_seed300,原始Offline最终,920019,1,1439.8118365365203
advantage1_val50_seed300,原始Offline最终,920020,1,1457.1183330719562
advantage1_val50_seed300,原始Offline最终,920021,1,1181.6298467837248
advantage1_val50_seed300,原始Offline最终,920022,1,1039.4595193994846
advantage1_val50_seed300,原始Offline最终,920023,1,1246.9845568124347
advantage1_val50_seed300,原始Offline最终,920024,1,1325.8262341197694
advantage1_val50_seed300,原始Offline最终,920025,0,198.90724731765133
advantage1_val50_seed300,原始Offline最终,920026,1,1496.596520068808
advantage1_val50_seed300,原始Offline最终,920027,1,1188.294575199889
advantage1_val50_seed300,原始Offline最终,920028,1,1270.2823141311155
advantage1_val50_seed300,原始Offline最终,920029,1,1501.433936628615
advantage1_val50_seed300,原始Offline最终,920030,1,1114.671843203786
advantage1_val50_seed300,原始Offline最终,920031,1,364.945792842139
advantage1_val50_seed300,原始Offline最终,920032,1,529.0319166567809
advantage1_val50_seed300,原始Offline最终,920033,1,1104.9204428218031
advantage1_val50_seed300,原始Offline最终,920034,1,775.7778604909473
advantage1_val50_seed300,原始Offline最终,920035,1,1120.1746313620092
advantage1_val50_seed300,原始Offline最终,920036,1,1489.4588280863736
advantage1_val50_seed300,原始Offline最终,920037,1,1231.3051709308513
advantage1_val50_seed300,原始Offline最终,920038,1,1212.2900100122235
advantage1_val50_seed300,原始Offline最终,920039,1,1108.7706239424174
advantage1_val50_seed300,原始Offline最终,920040,1,601.6053426484475
advantage1_val50_seed300,原始Offline最终,920041,1,1408.137359814258
advantage1_val50_seed300,原始Offline最终,920042,1,534.9022610660584
advantage1_val50_seed300,原始Offline最终,920043,1,734.1860984710263
advantage1_val50_seed300,原始Offline最终,920044,1,859.6148863818657
advantage1_val50_seed300,原始Offline最终,920045,1,481.38843974733413
advantage1_val50_seed300,原始Offline最终,920046,1,683.0378831465342
advantage1_val50_seed300,原始Offline最终,920047,1,1224.1159925190427
advantage1_val50_seed300,原始Offline最终,920048,1,1479.550966852299
advantage1_val50_seed300,原始Offline最终,920049,1,1273.0230260432559
advantage1_val50_seed300,原始Offline最终,920050,1,1187.0533754840476
advantage1_val50_seed300,原始Offline最终,920051,1,1501.468911673077
advantage1_val50_seed300,原始Offline最终,920052,1,1283.0546651567236
advantage1_val50_seed300,原始Offline最终,920053,1,1336.4408584626763
advantage1_val50_seed300,原始Offline最终,920054,1,1243.8962396169698
advantage1_val50_seed300,原始Offline最终,920055,1,1364.3878522651896
advantage1_val50_seed300,原始Offline最终,920056,1,1102.6302422984431
advantage1_val50_seed300,原始Offline最终,920057,1,717.8873558493299
advantage1_val50_seed300,原始Offline最终,920058,1,1413.7075532125768
advantage1_val50_seed300,原始Offline最终,920059,1,1170.6677343987076
advantage1_val50_seed300,原始Offline最终,920060,1,999.5975116028682
advantage1_val50_seed300,原始Offline最终,920061,1,1097.2131241544973
advantage1_val50_seed300,原始Offline最终,920062,1,1360.6503255916953
advantage1_val50_seed300,原始Offline最终,920063,1,1267.5281823646033
advantage1_val50_seed300,原始Offline最终,920064,1,1245.3856970588713
advantage1_val50_seed300,原始Offline最终,920065,1,1161.2669676075463
advantage1_val50_seed300,原始Offline最终,920066,1,570.8755952545855
advantage1_val50_seed300,原始Offline最终,920067,1,1440.2161469435723
advantage1_val50_seed300,原始Offline最终,920068,1,1090.9802445817854
advantage1_val50_seed300,原始Offline最终,920069,1,1198.2493634618218
advantage1_val50_seed300,原始Offline最终,920070,1,990.137467560483
advantage1_val50_seed300,原始Offline最终,920071,1,1080.0355015274263
advantage1_val50_seed300,原始Offline最终,920072,1,603.7478210227304
advantage1_val50_seed300,原始Offline最终,920073,1,1332.8948582302482
advantage1_val50_seed300,原始Offline最终,920074,1,1240.302833795917
advantage1_val50_seed300,原始Offline最终,920075,1,911.8591167629144
advantage1_val50_seed300,原始Offline最终,920076,1,1234.975612990555
advantage1_val50_seed300,原始Offline最终,920077,1,1170.4783614727141
advantage1_val50_seed300,原始Offline最终,920078,1,1025.8502935092474
advantage1_val50_seed300,原始Offline最终,920079,1,1271.1922571968541
advantage1_val50_seed300,原始Offline最终,920080,1,890.7803802148524
advantage1_val50_seed300,原始Offline最终,920081,1,1308.629242072998
advantage1_val50_seed300,原始Offline最终,920082,1,504.61803923366875
advantage1_val50_seed300,原始Offline最终,920083,1,456.0352373169082
advantage1_val50_seed300,原始Offline最终,920084,1,1082.486624637614
advantage1_val50_seed300,原始Offline最终,920085,1,1290.419011673589
advantage1_val50_seed300,原始Offline最终,920086,1,1504.3063057900836
advantage1_val50_seed300,原始Offline最终,920087,1,1419.744791817026
advantage1_val50_seed300,原始Offline最终,920088,1,1343.4289059543798
advantage1_val50_seed300,原始Offline最终,920089,1,812.0431260125038
advantage1_val50_seed300,原始Offline最终,920090,1,1173.258414570164
advantage1_val50_seed300,原始Offline最终,920091,1,461.2504635547857
advantage1_val50_seed300,原始Offline最终,920092,1,1147.5221089446263
advantage1_val50_seed300,原始Offline最终,920093,1,1007.6569699676977
advantage1_val50_seed300,原始Offline最终,920094,1,1089.6921212483749
advantage1_val50_seed300,原始Offline最终,920095,1,1452.8113154101559
advantage1_val50_seed300,原始Offline最终,920096,1,1202.0107653293064
advantage1_val50_seed300,原始Offline最终,920097,1,1169.320370423472
advantage1_val50_seed300,原始Offline最终,920098,1,1302.2953824217434
advantage1_val50_seed300,原始Offline最终,920099,1,729.1635511632028
advantage1_val50_seed300,本实验最终,920000,1,633.3974250019692
advantage1_val50_seed300,本实验最终,920001,1,1223.3641435503419
advantage1_val50_seed300,本实验最终,920002,1,1275.7795802557969
advantage1_val50_seed300,本实验最终,920003,1,1359.6205249074317
advantage1_val50_seed300,本实验最终,920004,1,1254.7577672674531
advantage1_val50_seed300,本实验最终,920005,1,1339.1704270835066
advantage1_val50_seed300,本实验最终,920006,1,1393.616378193005
advantage1_val50_seed300,本实验最终,920007,1,1095.862417129464
advantage1_val50_seed300,本实验最终,920008,1,1400.4536655090421
advantage1_val50_seed300,本实验最终,920009,1,1384.0317864296117
advantage1_val50_seed300,本实验最终,920010,1,1348.5236051749675
advantage1_val50_seed300,本实验最终,920011,1,1425.615352375155
advantage1_val50_seed300,本实验最终,920012,1,1235.987471629526
advantage1_val50_seed300,本实验最终,920013,1,1071.5439645929916
advantage1_val50_seed300,本实验最终,920014,1,624.7643184552356
advantage1_val50_seed300,本实验最终,920015,1,1255.6269509004705
advantage1_val50_seed300,本实验最终,920016,1,1131.5751317587215
advantage1_val50_seed300,本实验最终,920017,0,336.83034112310406
advantage1_val50_seed300,本实验最终,920018,1,1315.8387853192442
advantage1_val50_seed300,本实验最终,920019,1,1432.5439476417378
advantage1_val50_seed300,本实验最终,920020,1,1472.2743764921229
advantage1_val50_seed300,本实验最终,920021,1,1129.7201533704294
advantage1_val50_seed300,本实验最终,920022,1,1063.403085504831
advantage1_val50_seed300,本实验最终,920023,1,1250.2392895973248
advantage1_val50_seed300,本实验最终,920024,1,1320.1975453096825
advantage1_val50_seed300,本实验最终,920025,1,426.6186123848111
advantage1_val50_seed300,本实验最终,920026,1,1488.221464650715
advantage1_val50_seed300,本实验最终,920027,1,1179.1447128860032
advantage1_val50_seed300,本实验最终,920028,1,1266.8298081315854
advantage1_val50_seed300,本实验最终,920029,1,1501.4903325996233
advantage1_val50_seed300,本实验最终,920030,1,1094.0988843684704
advantage1_val50_seed300,本实验最终,920031,1,438.40909688902275
advantage1_val50_seed300,本实验最终,920032,1,701.6888302682157
advantage1_val50_seed300,本实验最终,920033,0,462.1232085758542
advantage1_val50_seed300,本实验最终,920034,1,484.6180054761436
advantage1_val50_seed300,本实验最终,920035,1,1123.4603936309968
advantage1_val50_seed300,本实验最终,920036,1,1490.7660039170598
advantage1_val50_seed300,本实验最终,920037,1,1097.4622590209538
advantage1_val50_seed300,本实验最终,920038,1,1199.070359154157
advantage1_val50_seed300,本实验最终,920039,1,1111.2067740136831
advantage1_val50_seed300,本实验最终,920040,1,619.5963042062524
advantage1_val50_seed300,本实验最终,920041,1,1418.1357146162645
advantage1_val50_seed300,本实验最终,920042,0,280.52602779855886
advantage1_val50_seed300,本实验最终,920043,1,714.8338708585438
advantage1_val50_seed300,本实验最终,920044,1,885.2627580552262
advantage1_val50_seed300,本实验最终,920045,1,572.0957430690972
advantage1_val50_seed300,本实验最终,920046,1,802.6449321846311
advantage1_val50_seed300,本实验最终,920047,1,1213.7042598434991
advantage1_val50_seed300,本实验最终,920048,1,1487.2304287460584
advantage1_val50_seed300,本实验最终,920049,1,1265.0279455263449
advantage1_val50_seed300,本实验最终,920050,1,1175.8288549371905
advantage1_val50_seed300,本实验最终,920051,1,1510.8149299036934
advantage1_val50_seed300,本实验最终,920052,1,1272.6327434506975
advantage1_val50_seed300,本实验最终,920053,1,1294.5533194281106
advantage1_val50_seed300,本实验最终,920054,1,1113.993222303626
advantage1_val50_seed300,本实验最终,920055,1,1365.7713051622661
advantage1_val50_seed300,本实验最终,920056,1,1032.3400188975097
advantage1_val50_seed300,本实验最终,920057,1,661.3951597628251
advantage1_val50_seed300,本实验最终,920058,1,1444.1719284310095
advantage1_val50_seed300,本实验最终,920059,1,1233.6297272589763
advantage1_val50_seed300,本实验最终,920060,1,918.793264046649
advantage1_val50_seed300,本实验最终,920061,1,1045.5750783452602
advantage1_val50_seed300,本实验最终,920062,1,1326.376630420512
advantage1_val50_seed300,本实验最终,920063,1,1207.0373979955475
advantage1_val50_seed300,本实验最终,920064,1,1246.0082256347382
advantage1_val50_seed300,本实验最终,920065,1,1166.1340718940035
advantage1_val50_seed300,本实验最终,920066,1,510.9507617801533
advantage1_val50_seed300,本实验最终,920067,1,1441.1421845910684
advantage1_val50_seed300,本实验最终,920068,1,1074.6445346095036
advantage1_val50_seed300,本实验最终,920069,1,1193.4919995064315
advantage1_val50_seed300,本实验最终,920070,1,1028.6036264421618
advantage1_val50_seed300,本实验最终,920071,1,1120.4035210188426
advantage1_val50_seed300,本实验最终,920072,0,173.01134831543783
advantage1_val50_seed300,本实验最终,920073,1,1361.981002202794
advantage1_val50_seed300,本实验最终,920074,1,1229.4027977253709
advantage1_val50_seed300,本实验最终,920075,1,889.1304438956777
advantage1_val50_seed300,本实验最终,920076,1,1234.9067727697868
advantage1_val50_seed300,本实验最终,920077,1,1073.0158638065225
advantage1_val50_seed300,本实验最终,920078,1,983.9766177416105
advantage1_val50_seed300,本实验最终,920079,1,1270.3192132458114
advantage1_val50_seed300,本实验最终,920080,1,1413.9291317302632
advantage1_val50_seed300,本实验最终,920081,1,1308.3890053809687
advantage1_val50_seed300,本实验最终,920082,0,212.98480289948057
advantage1_val50_seed300,本实验最终,920083,1,866.6439615802421
advantage1_val50_seed300,本实验最终,920084,1,1200.022651210008
advantage1_val50_seed300,本实验最终,920085,1,1281.4861903635815
advantage1_val50_seed300,本实验最终,920086,1,1503.8309470796034
advantage1_val50_seed300,本实验最终,920087,1,1438.2684679869963
advantage1_val50_seed300,本实验最终,920088,1,1343.3254576342629
advantage1_val50_seed300,本实验最终,920089,1,845.9706780435806
advantage1_val50_seed300,本实验最终,920090,1,1151.8490748642455
advantage1_val50_seed300,本实验最终,920091,1,624.4007689448009
advantage1_val50_seed300,本实验最终,920092,1,1153.165297029844
advantage1_val50_seed300,本实验最终,920093,1,1153.7757560993173
advantage1_val50_seed300,本实验最终,920094,1,1178.283237941967
advantage1_val50_seed300,本实验最终,920095,1,1433.4253409920266
advantage1_val50_seed300,本实验最终,920096,1,1193.2796363136936
advantage1_val50_seed300,本实验最终,920097,1,1093.33947349761
advantage1_val50_seed300,本实验最终,920098,1,1183.4039961274702
advantage1_val50_seed300,本实验最终,920099,1,688.5938531839445
advantage4_val50_seed100,BC重评,920000,1,1226.022044543495
advantage4_val50_seed100,BC重评,920001,1,1204.2298087132249
advantage4_val50_seed100,BC重评,920002,1,1282.6227152091185
advantage4_val50_seed100,BC重评,920003,1,1336.5490197522654
advantage4_val50_seed100,BC重评,920004,1,1250.2032122175215
advantage4_val50_seed100,BC重评,920005,1,1329.2239884500923
advantage4_val50_seed100,BC重评,920006,1,1393.3918706826184
advantage4_val50_seed100,BC重评,920007,1,1090.9336845953706
advantage4_val50_seed100,BC重评,920008,1,1388.7174965696531
advantage4_val50_seed100,BC重评,920009,1,1379.211485146813
advantage4_val50_seed100,BC重评,920010,1,1341.7385507814784
advantage4_val50_seed100,BC重评,920011,1,1431.5143034624225
advantage4_val50_seed100,BC重评,920012,1,1237.4689205823497
advantage4_val50_seed100,BC重评,920013,1,1112.5417857727552
advantage4_val50_seed100,BC重评,920014,1,424.70474997954494
advantage4_val50_seed100,BC重评,920015,1,1230.2923247192343
advantage4_val50_seed100,BC重评,920016,1,1163.0673338349811
advantage4_val50_seed100,BC重评,920017,0,367.9369911233667
advantage4_val50_seed100,BC重评,920018,1,1335.713560306474
advantage4_val50_seed100,BC重评,920019,1,1439.2061788794044
advantage4_val50_seed100,BC重评,920020,1,1468.349543392112
advantage4_val50_seed100,BC重评,920021,1,1179.1734585491572
advantage4_val50_seed100,BC重评,920022,1,1053.439909416256
advantage4_val50_seed100,BC重评,920023,1,1255.3170306866525
advantage4_val50_seed100,BC重评,920024,1,1318.3117432992256
advantage4_val50_seed100,BC重评,920025,1,639.8958048869334
advantage4_val50_seed100,BC重评,920026,1,1498.2618453557432
advantage4_val50_seed100,BC重评,920027,1,1183.531394312553
advantage4_val50_seed100,BC重评,920028,1,1280.1721318105783
advantage4_val50_seed100,BC重评,920029,1,1508.433677119317
advantage4_val50_seed100,BC重评,920030,1,1089.9941021469685
advantage4_val50_seed100,BC重评,920031,1,298.8426346331254
advantage4_val50_seed100,BC重评,920032,1,709.781182634913
advantage4_val50_seed100,BC重评,920033,1,837.2403002654078
advantage4_val50_seed100,BC重评,920034,0,278.6925726608639
advantage4_val50_seed100,BC重评,920035,1,1094.7720859394406
advantage4_val50_seed100,BC重评,920036,1,1490.459820566647
advantage4_val50_seed100,BC重评,920037,1,1230.308711497874
advantage4_val50_seed100,BC重评,920038,1,1196.4985170955429
advantage4_val50_seed100,BC重评,920039,1,1120.3502527113956
advantage4_val50_seed100,BC重评,920040,1,581.0074860107492
advantage4_val50_seed100,BC重评,920041,1,1410.979924760638
advantage4_val50_seed100,BC重评,920042,1,226.0767414874202
advantage4_val50_seed100,BC重评,920043,1,732.1473697031987
advantage4_val50_seed100,BC重评,920044,1,861.3974371305014
advantage4_val50_seed100,BC重评,920045,1,427.20723684550524
advantage4_val50_seed100,BC重评,920046,1,900.7799124413365
advantage4_val50_seed100,BC重评,920047,1,1188.2278598358046
advantage4_val50_seed100,BC重评,920048,1,1488.4233690915034
advantage4_val50_seed100,BC重评,920049,1,1265.7153002698124
advantage4_val50_seed100,BC重评,920050,1,1181.7157519637733
advantage4_val50_seed100,BC重评,920051,1,1495.2547797867817
advantage4_val50_seed100,BC重评,920052,1,1298.0117724258155
advantage4_val50_seed100,BC重评,920053,1,1301.7114927051823
advantage4_val50_seed100,BC重评,920054,1,1247.188658340654
advantage4_val50_seed100,BC重评,920055,1,1346.8416927850437
advantage4_val50_seed100,BC重评,920056,1,1052.4578423621338
advantage4_val50_seed100,BC重评,920057,1,1101.1037333611994
advantage4_val50_seed100,BC重评,920058,1,1448.5490660104726
advantage4_val50_seed100,BC重评,920059,1,1202.9629811329578
advantage4_val50_seed100,BC重评,920060,1,1005.9660077708824
advantage4_val50_seed100,BC重评,920061,1,1136.5318427521204
advantage4_val50_seed100,BC重评,920062,1,1321.6047081680144
advantage4_val50_seed100,BC重评,920063,1,1276.201128387832
advantage4_val50_seed100,BC重评,920064,1,1244.4654748746154
advantage4_val50_seed100,BC重评,920065,1,1188.5580288054746
advantage4_val50_seed100,BC重评,920066,1,601.3864226133912
advantage4_val50_seed100,BC重评,920067,1,1436.4002292414712
advantage4_val50_seed100,BC重评,920068,1,1015.8660727395127
advantage4_val50_seed100,BC重评,920069,1,1193.6756206658258
advantage4_val50_seed100,BC重评,920070,1,1010.819551743067
advantage4_val50_seed100,BC重评,920071,1,1085.2345187069013
advantage4_val50_seed100,BC重评,920072,0,225.1852594388123
advantage4_val50_seed100,BC重评,920073,1,1377.6991047288948
advantage4_val50_seed100,BC重评,920074,1,1259.4901877397317
advantage4_val50_seed100,BC重评,920075,1,900.2848196050182
advantage4_val50_seed100,BC重评,920076,1,1235.355090079382
advantage4_val50_seed100,BC重评,920077,1,1181.4128917373414
advantage4_val50_seed100,BC重评,920078,1,924.5969713129623
advantage4_val50_seed100,BC重评,920079,1,1262.651568509914
advantage4_val50_seed100,BC重评,920080,1,1412.4619946591597
advantage4_val50_seed100,BC重评,920081,1,1309.6299227123982
advantage4_val50_seed100,BC重评,920082,0,214.17772250532417
advantage4_val50_seed100,BC重评,920083,1,809.8702119096606
advantage4_val50_seed100,BC重评,920084,1,1180.3149612496097
advantage4_val50_seed100,BC重评,920085,1,1290.5606036397749
advantage4_val50_seed100,BC重评,920086,1,1504.0060516029182
advantage4_val50_seed100,BC重评,920087,1,913.6390647370168
advantage4_val50_seed100,BC重评,920088,1,1326.206800359933
advantage4_val50_seed100,BC重评,920089,1,467.50348517295015
advantage4_val50_seed100,BC重评,920090,1,1171.6151464162328
advantage4_val50_seed100,BC重评,920091,1,544.7888956288002
advantage4_val50_seed100,BC重评,920092,1,1158.228279263726
advantage4_val50_seed100,BC重评,920093,1,1004.7858679303839
advantage4_val50_seed100,BC重评,920094,1,1149.6411848898802
advantage4_val50_seed100,BC重评,920095,1,1463.6183795503732
advantage4_val50_seed100,BC重评,920096,1,1193.0444532134588
advantage4_val50_seed100,BC重评,920097,1,1149.7052270416036
advantage4_val50_seed100,BC重评,920098,1,1178.2741592702469
advantage4_val50_seed100,BC重评,920099,1,714.9662103715691
advantage4_val50_seed100,原始Offline最终,920000,1,503.8137097689191
advantage4_val50_seed100,原始Offline最终,920001,1,1208.807029083126
advantage4_val50_seed100,原始Offline最终,920002,1,1283.3022446079983
advantage4_val50_seed100,原始Offline最终,920003,1,1340.5942245740694
advantage4_val50_seed100,原始Offline最终,920004,1,1258.331870725217
advantage4_val50_seed100,原始Offline最终,920005,1,1350.4013256097628
advantage4_val50_seed100,原始Offline最终,920006,1,1398.0784716897556
advantage4_val50_seed100,原始Offline最终,920007,1,1094.5631214574125
advantage4_val50_seed100,原始Offline最终,920008,1,1400.2949088441692
advantage4_val50_seed100,原始Offline最终,920009,1,1379.2589192479322
advantage4_val50_seed100,原始Offline最终,920010,1,1347.2492243778104
advantage4_val50_seed100,原始Offline最终,920011,1,1431.1816316035342
advantage4_val50_seed100,原始Offline最终,920012,1,1241.8701802160958
advantage4_val50_seed100,原始Offline最终,920013,1,1119.480489923229
advantage4_val50_seed100,原始Offline最终,920014,0,160.3401814495841
advantage4_val50_seed100,原始Offline最终,920015,1,1240.0714596114917
advantage4_val50_seed100,原始Offline最终,920016,1,1167.042548678212
advantage4_val50_seed100,原始Offline最终,920017,1,806.700007595765
advantage4_val50_seed100,原始Offline最终,920018,1,1347.9210711121295
advantage4_val50_seed100,原始Offline最终,920019,1,1438.3632803732514
advantage4_val50_seed100,原始Offline最终,920020,1,1472.7071415453827
advantage4_val50_seed100,原始Offline最终,920021,1,1179.2071215213691
advantage4_val50_seed100,原始Offline最终,920022,1,1164.642188950667
advantage4_val50_seed100,原始Offline最终,920023,1,1256.1143672495323
advantage4_val50_seed100,原始Offline最终,920024,1,1326.7714291923673
advantage4_val50_seed100,原始Offline最终,920025,0,233.6675703297047
advantage4_val50_seed100,原始Offline最终,920026,1,1497.5273290083148
advantage4_val50_seed100,原始Offline最终,920027,1,1188.5629912915315
advantage4_val50_seed100,原始Offline最终,920028,1,1273.0629968406784
advantage4_val50_seed100,原始Offline最终,920029,1,1500.4549698968794
advantage4_val50_seed100,原始Offline最终,920030,1,1125.0136422296403
advantage4_val50_seed100,原始Offline最终,920031,1,329.60682890735535
advantage4_val50_seed100,原始Offline最终,920032,1,737.095285251192
advantage4_val50_seed100,原始Offline最终,920033,1,839.2523870228115
advantage4_val50_seed100,原始Offline最终,920034,1,417.7559923307293
advantage4_val50_seed100,原始Offline最终,920035,1,1134.355383664615
advantage4_val50_seed100,原始Offline最终,920036,1,1490.1976407190714
advantage4_val50_seed100,原始Offline最终,920037,1,1241.1551580051316
advantage4_val50_seed100,原始Offline最终,920038,1,1199.9605995025522
advantage4_val50_seed100,原始Offline最终,920039,1,1132.5515632368501
advantage4_val50_seed100,原始Offline最终,920040,1,1331.3900576758415
advantage4_val50_seed100,原始Offline最终,920041,1,1410.6254049141362
advantage4_val50_seed100,原始Offline最终,920042,1,295.152797454925
advantage4_val50_seed100,原始Offline最终,920043,1,723.3063670619993
advantage4_val50_seed100,原始Offline最终,920044,1,893.779854536224
advantage4_val50_seed100,原始Offline最终,920045,1,416.9745755256671
advantage4_val50_seed100,原始Offline最终,920046,1,897.6383456150544
advantage4_val50_seed100,原始Offline最终,920047,1,1190.6117001130337
advantage4_val50_seed100,原始Offline最终,920048,1,1489.7983848821657
advantage4_val50_seed100,原始Offline最终,920049,1,1271.8440598189727
advantage4_val50_seed100,原始Offline最终,920050,1,1187.0031312529438
advantage4_val50_seed100,原始Offline最终,920051,1,1491.1327557667817
advantage4_val50_seed100,原始Offline最终,920052,1,1298.4407757577756
advantage4_val50_seed100,原始Offline最终,920053,1,1305.0771061679918
advantage4_val50_seed100,原始Offline最终,920054,1,1249.2412715274295
advantage4_val50_seed100,原始Offline最终,920055,1,1347.8691969365782
advantage4_val50_seed100,原始Offline最终,920056,1,1095.8400839029528
advantage4_val50_seed100,原始Offline最终,920057,1,725.8719754185936
advantage4_val50_seed100,原始Offline最终,920058,1,1441.8218701688913
advantage4_val50_seed100,原始Offline最终,920059,1,1201.7653273707713
advantage4_val50_seed100,原始Offline最终,920060,1,970.2694187606708
advantage4_val50_seed100,原始Offline最终,920061,1,1144.051219364114
advantage4_val50_seed100,原始Offline最终,920062,1,1322.1112595304721
advantage4_val50_seed100,原始Offline最终,920063,1,1281.620362899997
advantage4_val50_seed100,原始Offline最终,920064,1,1161.998340175115
advantage4_val50_seed100,原始Offline最终,920065,1,1201.0042102368411
advantage4_val50_seed100,原始Offline最终,920066,1,569.035316498348
advantage4_val50_seed100,原始Offline最终,920067,1,1439.4467681769986
advantage4_val50_seed100,原始Offline最终,920068,1,1019.6684974851678
advantage4_val50_seed100,原始Offline最终,920069,1,1194.6998799279077
advantage4_val50_seed100,原始Offline最终,920070,1,1029.095671879402
advantage4_val50_seed100,原始Offline最终,920071,1,1116.6670304246259
advantage4_val50_seed100,原始Offline最终,920072,0,170.11396853590196
advantage4_val50_seed100,原始Offline最终,920073,1,1375.0284211114424
advantage4_val50_seed100,原始Offline最终,920074,1,1265.8199999339877
advantage4_val50_seed100,原始Offline最终,920075,1,914.7018999070187
advantage4_val50_seed100,原始Offline最终,920076,1,1235.9284839399445
advantage4_val50_seed100,原始Offline最终,920077,1,1205.957871886673
advantage4_val50_seed100,原始Offline最终,920078,1,941.4602761153312
advantage4_val50_seed100,原始Offline最终,920079,1,1271.5418298150435
advantage4_val50_seed100,原始Offline最终,920080,1,933.9066544514824
advantage4_val50_seed100,原始Offline最终,920081,1,1319.0730778175873
advantage4_val50_seed100,原始Offline最终,920082,1,729.5655258464109
advantage4_val50_seed100,原始Offline最终,920083,1,774.9278205402682
advantage4_val50_seed100,原始Offline最终,920084,1,1182.390006944875
advantage4_val50_seed100,原始Offline最终,920085,1,1290.6474378756084
advantage4_val50_seed100,原始Offline最终,920086,1,1504.4299567291205
advantage4_val50_seed100,原始Offline最终,920087,1,1006.4901528691976
advantage4_val50_seed100,原始Offline最终,920088,1,1343.2431884129828
advantage4_val50_seed100,原始Offline最终,920089,0,275.8251546977849
advantage4_val50_seed100,原始Offline最终,920090,1,1173.3805630501438
advantage4_val50_seed100,原始Offline最终,920091,1,468.56054018716804
advantage4_val50_seed100,原始Offline最终,920092,1,1157.6134648341495
advantage4_val50_seed100,原始Offline最终,920093,1,1041.269735537606
advantage4_val50_seed100,原始Offline最终,920094,1,1159.4293941216833
advantage4_val50_seed100,原始Offline最终,920095,1,1463.8186611686813
advantage4_val50_seed100,原始Offline最终,920096,1,1193.271397174979
advantage4_val50_seed100,原始Offline最终,920097,1,1195.30797705913
advantage4_val50_seed100,原始Offline最终,920098,1,1304.408687098024
advantage4_val50_seed100,原始Offline最终,920099,1,722.7522236945866
advantage4_val50_seed100,本实验最终,920000,1,513.4709788459072
advantage4_val50_seed100,本实验最终,920001,1,1127.8996676167799
advantage4_val50_seed100,本实验最终,920002,1,1281.6166914066193
advantage4_val50_seed100,本实验最终,920003,1,1281.9921481660563
advantage4_val50_seed100,本实验最终,920004,1,1253.212562308122
advantage4_val50_seed100,本实验最终,920005,1,1361.681538249164
advantage4_val50_seed100,本实验最终,920006,1,1389.80392731354
advantage4_val50_seed100,本实验最终,920007,1,1105.417827195315
advantage4_val50_seed100,本实验最终,920008,1,1383.6665436827645
advantage4_val50_seed100,本实验最终,920009,1,1378.9855834004147
advantage4_val50_seed100,本实验最终,920010,1,1342.0228803809484
advantage4_val50_seed100,本实验最终,920011,1,1431.1782470631724
advantage4_val50_seed100,本实验最终,920012,1,1250.4974201955056
advantage4_val50_seed100,本实验最终,920013,1,1128.8318751770212
advantage4_val50_seed100,本实验最终,920014,0,129.01816283260106
advantage4_val50_seed100,本实验最终,920015,1,1240.9613372019962
advantage4_val50_seed100,本实验最终,920016,1,1161.8753376688587
advantage4_val50_seed100,本实验最终,920017,0,513.7072479762181
advantage4_val50_seed100,本实验最终,920018,1,1331.8508416928807
advantage4_val50_seed100,本实验最终,920019,1,1437.1143959905696
advantage4_val50_seed100,本实验最终,920020,1,1468.4705955725594
advantage4_val50_seed100,本实验最终,920021,1,1134.979511231718
advantage4_val50_seed100,本实验最终,920022,1,994.0343835245019
advantage4_val50_seed100,本实验最终,920023,1,1255.3276176055506
advantage4_val50_seed100,本实验最终,920024,1,1322.6857882200788
advantage4_val50_seed100,本实验最终,920025,1,303.0035308383516
advantage4_val50_seed100,本实验最终,920026,1,1493.64124776892
advantage4_val50_seed100,本实验最终,920027,1,1192.039665389191
advantage4_val50_seed100,本实验最终,920028,1,1274.9482753834372
advantage4_val50_seed100,本实验最终,920029,1,1499.5424264967432
advantage4_val50_seed100,本实验最终,920030,1,1092.9578347122788
advantage4_val50_seed100,本实验最终,920031,1,384.2756516778464
advantage4_val50_seed100,本实验最终,920032,1,944.8556332462697
advantage4_val50_seed100,本实验最终,920033,1,737.7554519547862
advantage4_val50_seed100,本实验最终,920034,1,869.0047845425938
advantage4_val50_seed100,本实验最终,920035,1,1085.9004039863253
advantage4_val50_seed100,本实验最终,920036,1,1490.1303359965602
advantage4_val50_seed100,本实验最终,920037,1,1230.9969782304572
advantage4_val50_seed100,本实验最终,920038,1,1213.9941298160634
advantage4_val50_seed100,本实验最终,920039,1,1120.923448204367
advantage4_val50_seed100,本实验最终,920040,1,577.9601136970865
advantage4_val50_seed100,本实验最终,920041,1,1413.0080156144068
advantage4_val50_seed100,本实验最终,920042,0,240.10122874630417
advantage4_val50_seed100,本实验最终,920043,1,389.691639531977
advantage4_val50_seed100,本实验最终,920044,1,853.6121834158484
advantage4_val50_seed100,本实验最终,920045,1,433.91006549401015
advantage4_val50_seed100,本实验最终,920046,1,904.4627635303368
advantage4_val50_seed100,本实验最终,920047,1,1199.0245467806703
advantage4_val50_seed100,本实验最终,920048,1,1483.0471593524844
advantage4_val50_seed100,本实验最终,920049,1,1267.327685192025
advantage4_val50_seed100,本实验最终,920050,1,1195.0549673110604
advantage4_val50_seed100,本实验最终,920051,1,1490.3565059320135
advantage4_val50_seed100,本实验最终,920052,1,1304.4884797240425
advantage4_val50_seed100,本实验最终,920053,1,1301.4541588706288
advantage4_val50_seed100,本实验最终,920054,1,1243.9313887440624
advantage4_val50_seed100,本实验最终,920055,1,1358.1182740918528
advantage4_val50_seed100,本实验最终,920056,1,1051.7519834660511
advantage4_val50_seed100,本实验最终,920057,1,665.3680006994149
advantage4_val50_seed100,本实验最终,920058,1,1406.3571906527693
advantage4_val50_seed100,本实验最终,920059,1,1173.7932702899602
advantage4_val50_seed100,本实验最终,920060,1,980.3494713828748
advantage4_val50_seed100,本实验最终,920061,1,1155.1772733454936
advantage4_val50_seed100,本实验最终,920062,1,1347.7928865335589
advantage4_val50_seed100,本实验最终,920063,1,1275.7503079804087
advantage4_val50_seed100,本实验最终,920064,1,1244.10865047724
advantage4_val50_seed100,本实验最终,920065,1,1207.2735633610148
advantage4_val50_seed100,本实验最终,920066,1,568.7273299760077
advantage4_val50_seed100,本实验最终,920067,1,1436.268765185559
advantage4_val50_seed100,本实验最终,920068,1,1095.5766035065378
advantage4_val50_seed100,本实验最终,920069,1,1195.268456158245
advantage4_val50_seed100,本实验最终,920070,1,969.6616186324553
advantage4_val50_seed100,本实验最终,920071,1,1103.403554018058
advantage4_val50_seed100,本实验最终,920072,0,203.17739869245145
advantage4_val50_seed100,本实验最终,920073,1,1379.281976957467
advantage4_val50_seed100,本实验最终,920074,1,1252.5537353989957
advantage4_val50_seed100,本实验最终,920075,1,870.3554070223404
advantage4_val50_seed100,本实验最终,920076,1,1235.052482108794
advantage4_val50_seed100,本实验最终,920077,1,1221.6311199271497
advantage4_val50_seed100,本实验最终,920078,1,1212.6463741368555
advantage4_val50_seed100,本实验最终,920079,1,1282.4050831175873
advantage4_val50_seed100,本实验最终,920080,1,948.1020105354471
advantage4_val50_seed100,本实验最终,920081,1,1314.6684713807226
advantage4_val50_seed100,本实验最终,920082,0,215.56166718606775
advantage4_val50_seed100,本实验最终,920083,1,525.985546723003
advantage4_val50_seed100,本实验最终,920084,1,1178.1131932402236
advantage4_val50_seed100,本实验最终,920085,1,1278.1483975027172
advantage4_val50_seed100,本实验最终,920086,1,1503.9708745921798
advantage4_val50_seed100,本实验最终,920087,1,909.0303819035246
advantage4_val50_seed100,本实验最终,920088,1,1343.3997177299009
advantage4_val50_seed100,本实验最终,920089,1,721.2686681586908
advantage4_val50_seed100,本实验最终,920090,1,1182.2445525135145
advantage4_val50_seed100,本实验最终,920091,1,390.69667232481265
advantage4_val50_seed100,本实验最终,920092,1,1158.4090869000147
advantage4_val50_seed100,本实验最终,920093,1,1008.8034067143434
advantage4_val50_seed100,本实验最终,920094,1,1155.1656168271252
advantage4_val50_seed100,本实验最终,920095,1,1456.9177687341164
advantage4_val50_seed100,本实验最终,920096,1,1202.1215636983684
advantage4_val50_seed100,本实验最终,920097,0,339.5924649276959
advantage4_val50_seed100,本实验最终,920098,1,1303.3619722568762
advantage4_val50_seed100,本实验最终,920099,1,692.8480178599141
advantage4_val50_seed300,BC重评,920000,1,503.39140396083684
advantage4_val50_seed300,BC重评,920001,1,1219.1861472134403
advantage4_val50_seed300,BC重评,920002,1,1272.2789798184215
advantage4_val50_seed300,BC重评,920003,1,1338.844391386342
advantage4_val50_seed300,BC重评,920004,1,1255.5603188023063
advantage4_val50_seed300,BC重评,920005,1,1337.4973095066007
advantage4_val50_seed300,BC重评,920006,1,1393.779727445667
advantage4_val50_seed300,BC重评,920007,1,1100.9762210961303
advantage4_val50_seed300,BC重评,920008,1,1387.5109874888547
advantage4_val50_seed300,BC重评,920009,1,1383.7777658212779
advantage4_val50_seed300,BC重评,920010,1,1346.5518808076613
advantage4_val50_seed300,BC重评,920011,1,1422.2455344917826
advantage4_val50_seed300,BC重评,920012,1,1240.7532457480443
advantage4_val50_seed300,BC重评,920013,1,1077.9081403891278
advantage4_val50_seed300,BC重评,920014,1,635.8223715677141
advantage4_val50_seed300,BC重评,920015,1,1235.7264802321743
advantage4_val50_seed300,BC重评,920016,1,1153.3216179751319
advantage4_val50_seed300,BC重评,920017,0,349.6008929278441
advantage4_val50_seed300,BC重评,920018,1,1329.1816321554588
advantage4_val50_seed300,BC重评,920019,1,1446.3889789163345
advantage4_val50_seed300,BC重评,920020,1,1462.5621261695894
advantage4_val50_seed300,BC重评,920021,1,1178.872403353527
advantage4_val50_seed300,BC重评,920022,1,1034.0497144574338
advantage4_val50_seed300,BC重评,920023,1,1247.0379828264897
advantage4_val50_seed300,BC重评,920024,1,1322.5446896379576
advantage4_val50_seed300,BC重评,920025,1,340.41218290199544
advantage4_val50_seed300,BC重评,920026,1,1487.3634372230872
advantage4_val50_seed300,BC重评,920027,1,1183.7559219082787
advantage4_val50_seed300,BC重评,920028,1,1270.2341206796023
advantage4_val50_seed300,BC重评,920029,1,1501.3003990015259
advantage4_val50_seed300,BC重评,920030,1,1104.0821917876945
advantage4_val50_seed300,BC重评,920031,1,478.08987986154693
advantage4_val50_seed300,BC重评,920032,1,741.0613721888866
advantage4_val50_seed300,BC重评,920033,1,1095.0759501341167
advantage4_val50_seed300,BC重评,920034,1,798.8589476085922
advantage4_val50_seed300,BC重评,920035,1,1123.9964656352763
advantage4_val50_seed300,BC重评,920036,1,1489.9147389680215
advantage4_val50_seed300,BC重评,920037,1,1242.4781159040715
advantage4_val50_seed300,BC重评,920038,1,1208.744064761578
advantage4_val50_seed300,BC重评,920039,1,1108.156615985777
advantage4_val50_seed300,BC重评,920040,1,671.7753362123651
advantage4_val50_seed300,BC重评,920041,1,1417.1916241479996
advantage4_val50_seed300,BC重评,920042,0,227.04371684846885
advantage4_val50_seed300,BC重评,920043,1,664.811968818289
advantage4_val50_seed300,BC重评,920044,1,874.485864658878
advantage4_val50_seed300,BC重评,920045,1,810.5588811120858
advantage4_val50_seed300,BC重评,920046,1,781.9847293931745
advantage4_val50_seed300,BC重评,920047,1,1217.235303333902
advantage4_val50_seed300,BC重评,920048,1,1479.8285974370228
advantage4_val50_seed300,BC重评,920049,1,1270.2026916464897
advantage4_val50_seed300,BC重评,920050,1,1177.7222443943008
advantage4_val50_seed300,BC重评,920051,1,1491.1084914879402
advantage4_val50_seed300,BC重评,920052,1,1283.5226539535404
advantage4_val50_seed300,BC重评,920053,1,1305.2345761626784
advantage4_val50_seed300,BC重评,920054,1,1245.8660372416368
advantage4_val50_seed300,BC重评,920055,1,1365.0384304220156
advantage4_val50_seed300,BC重评,920056,1,1075.6396719509635
advantage4_val50_seed300,BC重评,920057,1,463.25656065697336
advantage4_val50_seed300,BC重评,920058,1,1406.0595234291104
advantage4_val50_seed300,BC重评,920059,1,1215.6221222501783
advantage4_val50_seed300,BC重评,920060,1,921.9869361281931
advantage4_val50_seed300,BC重评,920061,1,1090.2078759349688
advantage4_val50_seed300,BC重评,920062,1,1336.5583488504703
advantage4_val50_seed300,BC重评,920063,1,1273.8314498835537
advantage4_val50_seed300,BC重评,920064,1,1245.6188540949922
advantage4_val50_seed300,BC重评,920065,1,1139.0850743949543
advantage4_val50_seed300,BC重评,920066,1,541.4701217375157
advantage4_val50_seed300,BC重评,920067,1,1441.18196748611
advantage4_val50_seed300,BC重评,920068,1,1093.6152765867273
advantage4_val50_seed300,BC重评,920069,1,1194.8653992004433
advantage4_val50_seed300,BC重评,920070,1,1000.4985758578067
advantage4_val50_seed300,BC重评,920071,1,1098.0208820149953
advantage4_val50_seed300,BC重评,920072,1,519.9578008006703
advantage4_val50_seed300,BC重评,920073,1,1354.3984098424849
advantage4_val50_seed300,BC重评,920074,1,1241.1074724168793
advantage4_val50_seed300,BC重评,920075,1,911.3855370227284
advantage4_val50_seed300,BC重评,920076,1,1234.4411255311277
advantage4_val50_seed300,BC重评,920077,1,1167.697527525148
advantage4_val50_seed300,BC重评,920078,1,959.593643328634
advantage4_val50_seed300,BC重评,920079,1,1270.241482514711
advantage4_val50_seed300,BC重评,920080,1,1153.1703819171526
advantage4_val50_seed300,BC重评,920081,1,1309.193046782317
advantage4_val50_seed300,BC重评,920082,1,505.35633372167644
advantage4_val50_seed300,BC重评,920083,1,775.9681703992048
advantage4_val50_seed300,BC重评,920084,1,1166.2319426928425
advantage4_val50_seed300,BC重评,920085,1,1281.9088444070649
advantage4_val50_seed300,BC重评,920086,1,1504.169007742155
advantage4_val50_seed300,BC重评,920087,1,1430.061565098774
advantage4_val50_seed300,BC重评,920088,1,1343.4794595258459
advantage4_val50_seed300,BC重评,920089,1,840.2681177636806
advantage4_val50_seed300,BC重评,920090,1,1152.7893401970518
advantage4_val50_seed300,BC重评,920091,1,537.7053135897452
advantage4_val50_seed300,BC重评,920092,1,1152.0011610375
advantage4_val50_seed300,BC重评,920093,1,1093.157294913943
advantage4_val50_seed300,BC重评,920094,1,1095.5280459226535
advantage4_val50_seed300,BC重评,920095,1,1442.2207475700961
advantage4_val50_seed300,BC重评,920096,1,1192.950013176007
advantage4_val50_seed300,BC重评,920097,1,1187.3700684391267
advantage4_val50_seed300,BC重评,920098,1,1190.437146789884
advantage4_val50_seed300,BC重评,920099,1,732.5534339055762
advantage4_val50_seed300,原始Offline最终,920000,1,650.344650250054
advantage4_val50_seed300,原始Offline最终,920001,1,1208.319866099485
advantage4_val50_seed300,原始Offline最终,920002,1,1280.859293107878
advantage4_val50_seed300,原始Offline最终,920003,1,1327.4068632924846
advantage4_val50_seed300,原始Offline最终,920004,1,1261.9582906533328
advantage4_val50_seed300,原始Offline最终,920005,1,1340.2563697809032
advantage4_val50_seed300,原始Offline最终,920006,1,1393.3597966265165
advantage4_val50_seed300,原始Offline最终,920007,1,1107.7009840379837
advantage4_val50_seed300,原始Offline最终,920008,1,1382.019747542379
advantage4_val50_seed300,原始Offline最终,920009,1,1383.5923930597412
advantage4_val50_seed300,原始Offline最终,920010,1,1342.7678909947024
advantage4_val50_seed300,原始Offline最终,920011,1,1433.133150427677
advantage4_val50_seed300,原始Offline最终,920012,1,1241.3959617792275
advantage4_val50_seed300,原始Offline最终,920013,1,1121.6783545894116
advantage4_val50_seed300,原始Offline最终,920014,0,218.5799576071663
advantage4_val50_seed300,原始Offline最终,920015,1,1245.2668373226022
advantage4_val50_seed300,原始Offline最终,920016,1,1158.9525493776919
advantage4_val50_seed300,原始Offline最终,920017,0,334.2226790472613
advantage4_val50_seed300,原始Offline最终,920018,1,1383.1308181363797
advantage4_val50_seed300,原始Offline最终,920019,1,1439.8525427766172
advantage4_val50_seed300,原始Offline最终,920020,1,1453.6462075654356
advantage4_val50_seed300,原始Offline最终,920021,1,1178.910408444149
advantage4_val50_seed300,原始Offline最终,920022,1,1040.1834707837263
advantage4_val50_seed300,原始Offline最终,920023,1,1247.0207591583544
advantage4_val50_seed300,原始Offline最终,920024,1,1325.9400441823643
advantage4_val50_seed300,原始Offline最终,920025,0,216.12295527405138
advantage4_val50_seed300,原始Offline最终,920026,1,1496.6423299661094
advantage4_val50_seed300,原始Offline最终,920027,1,1188.34155371733
advantage4_val50_seed300,原始Offline最终,920028,1,1270.3094008574317
advantage4_val50_seed300,原始Offline最终,920029,1,1501.4583606945248
advantage4_val50_seed300,原始Offline最终,920030,1,1114.696591821095
advantage4_val50_seed300,原始Offline最终,920031,0,357.1076881106611
advantage4_val50_seed300,原始Offline最终,920032,0,509.1089259694228
advantage4_val50_seed300,原始Offline最终,920033,1,1103.8010782563397
advantage4_val50_seed300,原始Offline最终,920034,1,768.6930471010562
advantage4_val50_seed300,原始Offline最终,920035,1,1119.266173317179
advantage4_val50_seed300,原始Offline最终,920036,1,1488.9868351766324
advantage4_val50_seed300,原始Offline最终,920037,1,1231.2870116509644
advantage4_val50_seed300,原始Offline最终,920038,1,1212.303872313733
advantage4_val50_seed300,原始Offline最终,920039,1,1109.6516510787114
advantage4_val50_seed300,原始Offline最终,920040,1,599.4581993350976
advantage4_val50_seed300,原始Offline最终,920041,1,1408.27177654259
advantage4_val50_seed300,原始Offline最终,920042,1,353.22688860184564
advantage4_val50_seed300,原始Offline最终,920043,1,726.3863653700371
advantage4_val50_seed300,原始Offline最终,920044,1,856.2119849978257
advantage4_val50_seed300,原始Offline最终,920045,1,649.1543481133092
advantage4_val50_seed300,原始Offline最终,920046,1,734.2019258230108
advantage4_val50_seed300,原始Offline最终,920047,1,1227.4880171158015
advantage4_val50_seed300,原始Offline最终,920048,1,1479.5539480786965
advantage4_val50_seed300,原始Offline最终,920049,1,1272.6872125403493
advantage4_val50_seed300,原始Offline最终,920050,1,1187.0686039903208
advantage4_val50_seed300,原始Offline最终,920051,1,1501.4362952176468
advantage4_val50_seed300,原始Offline最终,920052,1,1283.026632243499
advantage4_val50_seed300,原始Offline最终,920053,1,1336.4480772515608
advantage4_val50_seed300,原始Offline最终,920054,1,1244.0587972608344
advantage4_val50_seed300,原始Offline最终,920055,1,1364.4659416281352
advantage4_val50_seed300,原始Offline最终,920056,1,1102.6610621127277
advantage4_val50_seed300,原始Offline最终,920057,1,717.3205204876078
advantage4_val50_seed300,原始Offline最终,920058,1,1413.9085660455153
advantage4_val50_seed300,原始Offline最终,920059,1,1187.7009488228664
advantage4_val50_seed300,原始Offline最终,920060,1,995.6601552943614
advantage4_val50_seed300,原始Offline最终,920061,1,1100.6393482967342
advantage4_val50_seed300,原始Offline最终,920062,1,1363.8141993045438
advantage4_val50_seed300,原始Offline最终,920063,1,1267.5626264371347
advantage4_val50_seed300,原始Offline最终,920064,1,1245.3675184214571
advantage4_val50_seed300,原始Offline最终,920065,1,1161.333074269285
advantage4_val50_seed300,原始Offline最终,920066,1,582.2159579349288
advantage4_val50_seed300,原始Offline最终,920067,1,1440.2414155102626
advantage4_val50_seed300,原始Offline最终,920068,1,1091.1285834984901
advantage4_val50_seed300,原始Offline最终,920069,1,1198.257023745915
advantage4_val50_seed300,原始Offline最终,920070,1,990.3710540794918
advantage4_val50_seed300,原始Offline最终,920071,1,1080.0210531232938
advantage4_val50_seed300,原始Offline最终,920072,1,587.0665707018851
advantage4_val50_seed300,原始Offline最终,920073,1,1338.254007381341
advantage4_val50_seed300,原始Offline最终,920074,1,1240.4395726127623
advantage4_val50_seed300,原始Offline最终,920075,1,912.0105027058676
advantage4_val50_seed300,原始Offline最终,920076,1,1235.0135162145064
advantage4_val50_seed300,原始Offline最终,920077,1,1170.4229510446607
advantage4_val50_seed300,原始Offline最终,920078,0,581.1372004815154
advantage4_val50_seed300,原始Offline最终,920079,1,1271.285390033719
advantage4_val50_seed300,原始Offline最终,920080,1,872.4370506033749
advantage4_val50_seed300,原始Offline最终,920081,1,1308.5631917984037
advantage4_val50_seed300,原始Offline最终,920082,0,229.90480628145377
advantage4_val50_seed300,原始Offline最终,920083,0,201.14139670304073
advantage4_val50_seed300,原始Offline最终,920084,1,1082.2779435191094
advantage4_val50_seed300,原始Offline最终,920085,1,1290.401318631435
advantage4_val50_seed300,原始Offline最终,920086,1,1504.2631951560152
advantage4_val50_seed300,原始Offline最终,920087,1,1419.7632447704723
advantage4_val50_seed300,原始Offline最终,920088,1,1343.4212517045803
advantage4_val50_seed300,原始Offline最终,920089,1,832.9080224475679
advantage4_val50_seed300,原始Offline最终,920090,1,1173.2530440311125
advantage4_val50_seed300,原始Offline最终,920091,1,474.2648716291975
advantage4_val50_seed300,原始Offline最终,920092,1,1147.5217570170562
advantage4_val50_seed300,原始Offline最终,920093,1,1007.1238610760854
advantage4_val50_seed300,原始Offline最终,920094,1,1096.2407422233969
advantage4_val50_seed300,原始Offline最终,920095,1,1452.6023023912628
advantage4_val50_seed300,原始Offline最终,920096,1,1202.117271769559
advantage4_val50_seed300,原始Offline最终,920097,1,1146.3452816509998
advantage4_val50_seed300,原始Offline最终,920098,1,1302.315248311213
advantage4_val50_seed300,原始Offline最终,920099,1,742.4673047226588
advantage4_val50_seed300,本实验最终,920000,1,498.85567795883736
advantage4_val50_seed300,本实验最终,920001,1,1223.2739447570448
advantage4_val50_seed300,本实验最终,920002,1,1276.8167463737398
advantage4_val50_seed300,本实验最终,920003,1,1336.9710431094923
advantage4_val50_seed300,本实验最终,920004,1,1256.1270278750121
advantage4_val50_seed300,本实验最终,920005,1,1343.9354120958924
advantage4_val50_seed300,本实验最终,920006,1,1393.9342022317105
advantage4_val50_seed300,本实验最终,920007,1,1105.42085728134
advantage4_val50_seed300,本实验最终,920008,1,1387.123304798025
advantage4_val50_seed300,本实验最终,920009,1,1384.456622789051
advantage4_val50_seed300,本实验最终,920010,1,1349.7510677146242
advantage4_val50_seed300,本实验最终,920011,1,1426.3979831793092
advantage4_val50_seed300,本实验最终,920012,1,1241.0159109815158
advantage4_val50_seed300,本实验最终,920013,1,1102.9821820106908
advantage4_val50_seed300,本实验最终,920014,1,619.9499228973691
advantage4_val50_seed300,本实验最终,920015,1,1245.3242524073053
advantage4_val50_seed300,本实验最终,920016,1,1157.343159924183
advantage4_val50_seed300,本实验最终,920017,0,403.8772909462749
advantage4_val50_seed300,本实验最终,920018,1,1343.483059604344
advantage4_val50_seed300,本实验最终,920019,1,1446.2837372564504
advantage4_val50_seed300,本实验最终,920020,1,1467.4290371625357
advantage4_val50_seed300,本实验最终,920021,1,1179.5876549412317
advantage4_val50_seed300,本实验最终,920022,1,1060.0035615085053
advantage4_val50_seed300,本实验最终,920023,1,1250.2185950894946
advantage4_val50_seed300,本实验最终,920024,1,1328.150767570706
advantage4_val50_seed300,本实验最终,920025,0,236.99413047828736
advantage4_val50_seed300,本实验最终,920026,1,1496.845862003991
advantage4_val50_seed300,本实验最终,920027,1,1187.8471411301198
advantage4_val50_seed300,本实验最终,920028,1,1270.4574080061627
advantage4_val50_seed300,本实验最终,920029,1,1501.5354092894668
advantage4_val50_seed300,本实验最终,920030,1,1105.1678302472997
advantage4_val50_seed300,本实验最终,920031,0,270.0924692385364
advantage4_val50_seed300,本实验最终,920032,0,471.22056786871536
advantage4_val50_seed300,本实验最终,920033,1,1103.5492672932735
advantage4_val50_seed300,本实验最终,920034,1,772.3144939696099
advantage4_val50_seed300,本实验最终,920035,1,1130.470588625085
advantage4_val50_seed300,本实验最终,920036,1,1489.8959939270285
advantage4_val50_seed300,本实验最终,920037,1,1206.61746741339
advantage4_val50_seed300,本实验最终,920038,1,1214.071710774147
advantage4_val50_seed300,本实验最终,920039,1,1109.791664312417
advantage4_val50_seed300,本实验最终,920040,1,672.5630581852175
advantage4_val50_seed300,本实验最终,920041,1,1417.4009524494513
advantage4_val50_seed300,本实验最终,920042,0,219.298595399768
advantage4_val50_seed300,本实验最终,920043,1,728.4393737211512
advantage4_val50_seed300,本实验最终,920044,1,851.6490321970502
advantage4_val50_seed300,本实验最终,920045,1,662.2361155934543
advantage4_val50_seed300,本实验最终,920046,1,762.5643682777888
advantage4_val50_seed300,本实验最终,920047,1,1217.5969730535703
advantage4_val50_seed300,本实验最终,920048,1,1479.9917571644298
advantage4_val50_seed300,本实验最终,920049,1,1270.8116474758478
advantage4_val50_seed300,本实验最终,920050,1,1186.8794314041445
advantage4_val50_seed300,本实验最终,920051,1,1501.4983595586
advantage4_val50_seed300,本实验最终,920052,1,1283.9900769353
advantage4_val50_seed300,本实验最终,920053,1,1305.1346993753964
advantage4_val50_seed300,本实验最终,920054,1,1250.1271851144186
advantage4_val50_seed300,本实验最终,920055,1,1365.5346865604417
advantage4_val50_seed300,本实验最终,920056,1,1049.5606986278465
advantage4_val50_seed300,本实验最终,920057,0,357.3431298582342
advantage4_val50_seed300,本实验最终,920058,1,1444.3137677664383
advantage4_val50_seed300,本实验最终,920059,1,1213.3108769255268
advantage4_val50_seed300,本实验最终,920060,1,998.3093971523454
advantage4_val50_seed300,本实验最终,920061,1,1096.9803324968711
advantage4_val50_seed300,本实验最终,920062,1,1364.8450245372746
advantage4_val50_seed300,本实验最终,920063,1,1271.0921077652129
advantage4_val50_seed300,本实验最终,920064,1,1245.7251337569276
advantage4_val50_seed300,本实验最终,920065,1,1152.55078118667
advantage4_val50_seed300,本实验最终,920066,1,578.7224993998806
advantage4_val50_seed300,本实验最终,920067,1,1441.8528759487583
advantage4_val50_seed300,本实验最终,920068,1,1061.2457282927708
advantage4_val50_seed300,本实验最终,920069,1,1198.9092381966138
advantage4_val50_seed300,本实验最终,920070,1,991.7271804401781
advantage4_val50_seed300,本实验最终,920071,1,1088.7974935270756
advantage4_val50_seed300,本实验最终,920072,0,382.3128583019776
advantage4_val50_seed300,本实验最终,920073,1,1343.920353515206
advantage4_val50_seed300,本实验最终,920074,1,1242.560024480201
advantage4_val50_seed300,本实验最终,920075,1,920.715355881505
advantage4_val50_seed300,本实验最终,920076,1,1234.8517107094888
advantage4_val50_seed300,本实验最终,920077,1,1170.2458687783787
advantage4_val50_seed300,本实验最终,920078,1,1018.390584195298
advantage4_val50_seed300,本实验最终,920079,1,1271.4223864567025
advantage4_val50_seed300,本实验最终,920080,1,991.6525323050034
advantage4_val50_seed300,本实验最终,920081,1,1309.6309232751478
advantage4_val50_seed300,本实验最终,920082,1,337.90873773601896
advantage4_val50_seed300,本实验最终,920083,1,878.9006424061776
advantage4_val50_seed300,本实验最终,920084,1,1125.5163655772492
advantage4_val50_seed300,本实验最终,920085,1,1290.8050515198802
advantage4_val50_seed300,本实验最终,920086,1,1504.278440563231
advantage4_val50_seed300,本实验最终,920087,1,1420.8462758744056
advantage4_val50_seed300,本实验最终,920088,1,1344.1558604252014
advantage4_val50_seed300,本实验最终,920089,1,847.4468215634029
advantage4_val50_seed300,本实验最终,920090,1,1153.101289041022
advantage4_val50_seed300,本实验最终,920091,1,518.6949133129892
advantage4_val50_seed300,本实验最终,920092,1,1150.2347827907452
advantage4_val50_seed300,本实验最终,920093,1,1023.4753146593173
advantage4_val50_seed300,本实验最终,920094,1,1089.876281828134
advantage4_val50_seed300,本实验最终,920095,1,1452.331414645882
advantage4_val50_seed300,本实验最终,920096,1,1193.5093459295522
advantage4_val50_seed300,本实验最终,920097,1,1188.4812120565985
advantage4_val50_seed300,本实验最终,920098,1,1308.1890787182795
advantage4_val50_seed300,本实验最终,920099,1,711.6936366777848
value_remedy_uniform_seed100,BC重评,930000,1,473.2773340766844
value_remedy_uniform_seed100,BC重评,930001,1,1350.6279345641747
value_remedy_uniform_seed100,BC重评,930002,1,1240.8344730893114
value_remedy_uniform_seed100,BC重评,930003,1,1471.2635516062778
value_remedy_uniform_seed100,BC重评,930004,1,1219.3662935641262
value_remedy_uniform_seed100,BC重评,930005,0,336.01194105753444
value_remedy_uniform_seed100,BC重评,930006,1,1157.9000947477502
value_remedy_uniform_seed100,BC重评,930007,1,735.5742683148228
value_remedy_uniform_seed100,BC重评,930008,1,1545.0308004327057
value_remedy_uniform_seed100,BC重评,930009,1,1263.8402731459232
value_remedy_uniform_seed100,BC重评,930010,1,491.452764053994
value_remedy_uniform_seed100,BC重评,930011,1,869.695922541086
value_remedy_uniform_seed100,BC重评,930012,1,1242.3307214740266
value_remedy_uniform_seed100,BC重评,930013,1,1025.3902616654786
value_remedy_uniform_seed100,BC重评,930014,1,1348.8625960014247
value_remedy_uniform_seed100,BC重评,930015,1,1212.9604765924105
value_remedy_uniform_seed100,BC重评,930016,1,1254.5342690919726
value_remedy_uniform_seed100,BC重评,930017,1,599.2502288176004
value_remedy_uniform_seed100,BC重评,930018,1,911.8702197787022
value_remedy_uniform_seed100,BC重评,930019,1,1207.789484135318
value_remedy_uniform_seed100,BC重评,930020,1,1098.2140819342444
value_remedy_uniform_seed100,BC重评,930021,1,1455.5876496764567
value_remedy_uniform_seed100,BC重评,930022,1,1276.8681631367447
value_remedy_uniform_seed100,BC重评,930023,1,1344.7858338914666
value_remedy_uniform_seed100,BC重评,930024,1,1470.812634654308
value_remedy_uniform_seed100,BC重评,930025,1,836.847443245553
value_remedy_uniform_seed100,BC重评,930026,1,961.8347604430318
value_remedy_uniform_seed100,BC重评,930027,1,562.44530374225
value_remedy_uniform_seed100,BC重评,930028,1,1193.0846922477258
value_remedy_uniform_seed100,BC重评,930029,1,898.9201104082205
value_remedy_uniform_seed100,BC重评,930030,1,1276.9905821980965
value_remedy_uniform_seed100,BC重评,930031,1,1251.205009302128
value_remedy_uniform_seed100,BC重评,930032,1,1352.8399177787792
value_remedy_uniform_seed100,BC重评,930033,1,1195.6615360691153
value_remedy_uniform_seed100,BC重评,930034,1,1316.8748623031186
value_remedy_uniform_seed100,BC重评,930035,1,525.1825343892158
value_remedy_uniform_seed100,BC重评,930036,1,1180.8436652146315
value_remedy_uniform_seed100,BC重评,930037,1,532.189123501626
value_remedy_uniform_seed100,BC重评,930038,1,1212.3369019492904
value_remedy_uniform_seed100,BC重评,930039,1,1394.034091498182
value_remedy_uniform_seed100,BC重评,930040,1,1245.3852284250074
value_remedy_uniform_seed100,BC重评,930041,1,1323.0116814675432
value_remedy_uniform_seed100,BC重评,930042,1,1307.8174331685723
value_remedy_uniform_seed100,BC重评,930043,1,1230.850718269422
value_remedy_uniform_seed100,BC重评,930044,1,1365.6413510157577
value_remedy_uniform_seed100,BC重评,930045,0,255.99878056636092
value_remedy_uniform_seed100,BC重评,930046,1,1011.7805364636822
value_remedy_uniform_seed100,BC重评,930047,0,185.18496797694306
value_remedy_uniform_seed100,BC重评,930048,1,1456.5080561322359
value_remedy_uniform_seed100,BC重评,930049,1,1260.0530194096095
value_remedy_uniform_seed100,BC重评,930050,1,1389.5949066232965
value_remedy_uniform_seed100,BC重评,930051,1,1179.4440106398386
value_remedy_uniform_seed100,BC重评,930052,1,1129.839830299638
value_remedy_uniform_seed100,BC重评,930053,1,1297.7524407914575
value_remedy_uniform_seed100,BC重评,930054,1,1132.8649623661
value_remedy_uniform_seed100,BC重评,930055,1,920.5026407343353
value_remedy_uniform_seed100,BC重评,930056,1,1308.2588813760997
value_remedy_uniform_seed100,BC重评,930057,1,674.3148157680449
value_remedy_uniform_seed100,BC重评,930058,1,1082.6371727904318
value_remedy_uniform_seed100,BC重评,930059,1,722.6981887931329
value_remedy_uniform_seed100,BC重评,930060,1,1154.2549188735252
value_remedy_uniform_seed100,BC重评,930061,1,1286.6320497782394
value_remedy_uniform_seed100,BC重评,930062,1,985.2559588343754
value_remedy_uniform_seed100,BC重评,930063,1,1345.09729592029
value_remedy_uniform_seed100,BC重评,930064,1,1147.5411146371885
value_remedy_uniform_seed100,BC重评,930065,1,1284.9456029948572
value_remedy_uniform_seed100,BC重评,930066,1,1265.4180705257843
value_remedy_uniform_seed100,BC重评,930067,1,1173.54876755827
value_remedy_uniform_seed100,BC重评,930068,1,1228.7159099024736
value_remedy_uniform_seed100,BC重评,930069,1,1033.7132284016598
value_remedy_uniform_seed100,BC重评,930070,1,1172.9949726367377
value_remedy_uniform_seed100,BC重评,930071,1,1310.9576958809646
value_remedy_uniform_seed100,BC重评,930072,0,332.4741379809326
value_remedy_uniform_seed100,BC重评,930073,1,1018.8823092127291
value_remedy_uniform_seed100,BC重评,930074,1,1461.4930589122291
value_remedy_uniform_seed100,BC重评,930075,1,1309.7081354644897
value_remedy_uniform_seed100,BC重评,930076,1,1298.532465190639
value_remedy_uniform_seed100,BC重评,930077,1,1241.4859745772173
value_remedy_uniform_seed100,BC重评,930078,1,1185.853380490558
value_remedy_uniform_seed100,BC重评,930079,0,443.07185416517126
value_remedy_uniform_seed100,BC重评,930080,1,577.0977164212669
value_remedy_uniform_seed100,BC重评,930081,1,1338.2641108530165
value_remedy_uniform_seed100,BC重评,930082,1,1382.8467833847722
value_remedy_uniform_seed100,BC重评,930083,1,1336.1346494135742
value_remedy_uniform_seed100,BC重评,930084,1,1347.3754826558645
value_remedy_uniform_seed100,BC重评,930085,1,530.8483114535779
value_remedy_uniform_seed100,BC重评,930086,1,665.6026923824229
value_remedy_uniform_seed100,BC重评,930087,1,966.0724045099935
value_remedy_uniform_seed100,BC重评,930088,1,1251.75593208485
value_remedy_uniform_seed100,BC重评,930089,1,1299.640795253731
value_remedy_uniform_seed100,BC重评,930090,1,441.3793779132559
value_remedy_uniform_seed100,BC重评,930091,1,1171.0110045144932
value_remedy_uniform_seed100,BC重评,930092,1,1153.4976829006964
value_remedy_uniform_seed100,BC重评,930093,1,1298.6894377858366
value_remedy_uniform_seed100,BC重评,930094,1,986.5907351313809
value_remedy_uniform_seed100,BC重评,930095,1,1208.8972922544713
value_remedy_uniform_seed100,BC重评,930096,1,1208.1379455568215
value_remedy_uniform_seed100,BC重评,930097,1,1188.0006237570783
value_remedy_uniform_seed100,BC重评,930098,1,1131.982972984331
value_remedy_uniform_seed100,BC重评,930099,1,1211.8951711245024
value_remedy_uniform_seed100,原始Offline最终,930000,1,258.88887384247585
value_remedy_uniform_seed100,原始Offline最终,930001,1,1355.012958959628
value_remedy_uniform_seed100,原始Offline最终,930002,1,1240.6680396083368
value_remedy_uniform_seed100,原始Offline最终,930003,1,1469.987816574835
value_remedy_uniform_seed100,原始Offline最终,930004,1,1219.4388475608334
value_remedy_uniform_seed100,原始Offline最终,930005,0,381.32817368306354
value_remedy_uniform_seed100,原始Offline最终,930006,1,1158.8910914983794
value_remedy_uniform_seed100,原始Offline最终,930007,1,695.0959012264706
value_remedy_uniform_seed100,原始Offline最终,930008,1,1544.1999361349147
value_remedy_uniform_seed100,原始Offline最终,930009,1,1260.0725077552477
value_remedy_uniform_seed100,原始Offline最终,930010,1,578.893530659754
value_remedy_uniform_seed100,原始Offline最终,930011,1,898.3622997460016
value_remedy_uniform_seed100,原始Offline最终,930012,1,1261.5439490175813
value_remedy_uniform_seed100,原始Offline最终,930013,1,686.4629416514967
value_remedy_uniform_seed100,原始Offline最终,930014,1,1327.2102545561015
value_remedy_uniform_seed100,原始Offline最终,930015,1,1213.2643093586369
value_remedy_uniform_seed100,原始Offline最终,930016,1,1255.5517994988872
value_remedy_uniform_seed100,原始Offline最终,930017,1,1254.3622008832085
value_remedy_uniform_seed100,原始Offline最终,930018,1,848.1497046702787
value_remedy_uniform_seed100,原始Offline最终,930019,1,1207.3190676980314
value_remedy_uniform_seed100,原始Offline最终,930020,1,1110.397576880958
value_remedy_uniform_seed100,原始Offline最终,930021,1,1454.7401396256118
value_remedy_uniform_seed100,原始Offline最终,930022,1,1276.6143293852956
value_remedy_uniform_seed100,原始Offline最终,930023,1,1344.533339205252
value_remedy_uniform_seed100,原始Offline最终,930024,1,1465.6313921573258
value_remedy_uniform_seed100,原始Offline最终,930025,1,828.1170497813006
value_remedy_uniform_seed100,原始Offline最终,930026,1,976.2963168379149
value_remedy_uniform_seed100,原始Offline最终,930027,1,558.4584607525688
value_remedy_uniform_seed100,原始Offline最终,930028,1,1195.660194405585
value_remedy_uniform_seed100,原始Offline最终,930029,1,929.2548637952942
value_remedy_uniform_seed100,原始Offline最终,930030,1,1277.072668988745
value_remedy_uniform_seed100,原始Offline最终,930031,1,1253.4164662246903
value_remedy_uniform_seed100,原始Offline最终,930032,1,1359.308217228298
value_remedy_uniform_seed100,原始Offline最终,930033,1,1215.2574484088127
value_remedy_uniform_seed100,原始Offline最终,930034,1,884.2217848198951
value_remedy_uniform_seed100,原始Offline最终,930035,1,571.4942098361753
value_remedy_uniform_seed100,原始Offline最终,930036,1,1180.4364529498157
value_remedy_uniform_seed100,原始Offline最终,930037,1,686.8433334889588
value_remedy_uniform_seed100,原始Offline最终,930038,1,1216.6820444811317
value_remedy_uniform_seed100,原始Offline最终,930039,1,1393.1424828658396
value_remedy_uniform_seed100,原始Offline最终,930040,1,1266.0810272409842
value_remedy_uniform_seed100,原始Offline最终,930041,1,1308.7214974688104
value_remedy_uniform_seed100,原始Offline最终,930042,1,1307.4414946418528
value_remedy_uniform_seed100,原始Offline最终,930043,1,1230.510817763295
value_remedy_uniform_seed100,原始Offline最终,930044,1,1371.9547290654084
value_remedy_uniform_seed100,原始Offline最终,930045,0,277.4845305192521
value_remedy_uniform_seed100,原始Offline最终,930046,1,1030.3276903990547
value_remedy_uniform_seed100,原始Offline最终,930047,0,202.47396349695336
value_remedy_uniform_seed100,原始Offline最终,930048,1,1456.3944587153992
value_remedy_uniform_seed100,原始Offline最终,930049,1,1260.7095145368116
value_remedy_uniform_seed100,原始Offline最终,930050,1,1392.8608750569622
value_remedy_uniform_seed100,原始Offline最终,930051,1,1179.1954777721726
value_remedy_uniform_seed100,原始Offline最终,930052,1,1125.7762190979715
value_remedy_uniform_seed100,原始Offline最终,930053,1,1321.745513596134
value_remedy_uniform_seed100,原始Offline最终,930054,1,1140.7499930664399
value_remedy_uniform_seed100,原始Offline最终,930055,1,970.899537568158
value_remedy_uniform_seed100,原始Offline最终,930056,1,1302.843270089955
value_remedy_uniform_seed100,原始Offline最终,930057,1,484.30486566423104
value_remedy_uniform_seed100,原始Offline最终,930058,1,1102.4168814280492
value_remedy_uniform_seed100,原始Offline最终,930059,1,757.6792196632928
value_remedy_uniform_seed100,原始Offline最终,930060,1,1139.4483114123793
value_remedy_uniform_seed100,原始Offline最终,930061,1,1294.6770249387134
value_remedy_uniform_seed100,原始Offline最终,930062,1,1021.899509596889
value_remedy_uniform_seed100,原始Offline最终,930063,1,1342.7899849509286
value_remedy_uniform_seed100,原始Offline最终,930064,1,1147.4907913984225
value_remedy_uniform_seed100,原始Offline最终,930065,1,1284.9356281195137
value_remedy_uniform_seed100,原始Offline最终,930066,1,1266.396785550919
value_remedy_uniform_seed100,原始Offline最终,930067,1,1173.355282011914
value_remedy_uniform_seed100,原始Offline最终,930068,1,1228.292952394007
value_remedy_uniform_seed100,原始Offline最终,930069,1,1008.8564077941526
value_remedy_uniform_seed100,原始Offline最终,930070,1,1186.6707859644619
value_remedy_uniform_seed100,原始Offline最终,930071,1,1310.7720185024864
value_remedy_uniform_seed100,原始Offline最终,930072,1,675.8482024961266
value_remedy_uniform_seed100,原始Offline最终,930073,1,1018.9365933188178
value_remedy_uniform_seed100,原始Offline最终,930074,1,1460.9544363952389
value_remedy_uniform_seed100,原始Offline最终,930075,1,1310.4365715915142
value_remedy_uniform_seed100,原始Offline最终,930076,1,1307.572263976293
value_remedy_uniform_seed100,原始Offline最终,930077,1,1240.8657529274262
value_remedy_uniform_seed100,原始Offline最终,930078,1,1322.5308622599023
value_remedy_uniform_seed100,原始Offline最终,930079,0,412.00358227011367
value_remedy_uniform_seed100,原始Offline最终,930080,1,606.7225657395331
value_remedy_uniform_seed100,原始Offline最终,930081,1,1282.659891791324
value_remedy_uniform_seed100,原始Offline最终,930082,1,1379.835863205551
value_remedy_uniform_seed100,原始Offline最终,930083,1,1340.4095459980879
value_remedy_uniform_seed100,原始Offline最终,930084,1,405.195921321631
value_remedy_uniform_seed100,原始Offline最终,930085,1,470.7675321993356
value_remedy_uniform_seed100,原始Offline最终,930086,1,791.4377795170774
value_remedy_uniform_seed100,原始Offline最终,930087,1,995.6320869571978
value_remedy_uniform_seed100,原始Offline最终,930088,1,1249.7805752282611
value_remedy_uniform_seed100,原始Offline最终,930089,1,1266.5900792178934
value_remedy_uniform_seed100,原始Offline最终,930090,1,671.4169748876378
value_remedy_uniform_seed100,原始Offline最终,930091,1,1171.3963145647278
value_remedy_uniform_seed100,原始Offline最终,930092,1,1152.4997257022196
value_remedy_uniform_seed100,原始Offline最终,930093,1,1225.1633409694082
value_remedy_uniform_seed100,原始Offline最终,930094,1,1018.3941622865591
value_remedy_uniform_seed100,原始Offline最终,930095,1,1209.3655522904783
value_remedy_uniform_seed100,原始Offline最终,930096,1,1224.9889113218414
value_remedy_uniform_seed100,原始Offline最终,930097,1,1187.7752343523239
value_remedy_uniform_seed100,原始Offline最终,930098,1,1134.0422245651575
value_remedy_uniform_seed100,原始Offline最终,930099,1,1211.7269705385456
value_remedy_uniform_seed100,本实验最终,930000,1,296.03717767451144
value_remedy_uniform_seed100,本实验最终,930001,1,1354.6678013615215
value_remedy_uniform_seed100,本实验最终,930002,1,1240.9825026403914
value_remedy_uniform_seed100,本实验最终,930003,1,1472.3798931149788
value_remedy_uniform_seed100,本实验最终,930004,1,1219.3154960500096
value_remedy_uniform_seed100,本实验最终,930005,0,356.52767618985655
value_remedy_uniform_seed100,本实验最终,930006,1,1168.041186527678
value_remedy_uniform_seed100,本实验最终,930007,1,564.5370258105216
value_remedy_uniform_seed100,本实验最终,930008,1,1552.8882238088163
value_remedy_uniform_seed100,本实验最终,930009,1,1264.3890894771373
value_remedy_uniform_seed100,本实验最终,930010,1,617.2349140042189
value_remedy_uniform_seed100,本实验最终,930011,1,979.0479995417644
value_remedy_uniform_seed100,本实验最终,930012,1,1265.3993015580668
value_remedy_uniform_seed100,本实验最终,930013,1,1014.4010118770279
value_remedy_uniform_seed100,本实验最终,930014,1,1383.725491964533
value_remedy_uniform_seed100,本实验最终,930015,1,1212.997273111306
value_remedy_uniform_seed100,本实验最终,930016,1,1256.1473625452402
value_remedy_uniform_seed100,本实验最终,930017,1,1255.3090210167913
value_remedy_uniform_seed100,本实验最终,930018,1,903.1551992718446
value_remedy_uniform_seed100,本实验最终,930019,1,1209.673059887564
value_remedy_uniform_seed100,本实验最终,930020,1,1102.8639742078901
value_remedy_uniform_seed100,本实验最终,930021,1,1446.6787930723772
value_remedy_uniform_seed100,本实验最终,930022,1,1277.2008137473363
value_remedy_uniform_seed100,本实验最终,930023,1,1350.8844999270952
value_remedy_uniform_seed100,本实验最终,930024,1,1475.3256482391475
value_remedy_uniform_seed100,本实验最终,930025,1,799.8012391788412
value_remedy_uniform_seed100,本实验最终,930026,1,967.8250413612978
value_remedy_uniform_seed100,本实验最终,930027,1,606.3299513489253
value_remedy_uniform_seed100,本实验最终,930028,1,1193.0181636772454
value_remedy_uniform_seed100,本实验最终,930029,1,946.3788531632516
value_remedy_uniform_seed100,本实验最终,930030,1,1280.5545854777924
value_remedy_uniform_seed100,本实验最终,930031,1,1248.1457634520405
value_remedy_uniform_seed100,本实验最终,930032,1,1356.1432688237007
value_remedy_uniform_seed100,本实验最终,930033,1,1208.1964623965891
value_remedy_uniform_seed100,本实验最终,930034,1,1457.0762166629927
value_remedy_uniform_seed100,本实验最终,930035,1,567.4039228210106
value_remedy_uniform_seed100,本实验最终,930036,1,1169.499054459628
value_remedy_uniform_seed100,本实验最终,930037,0,374.2239885230376
value_remedy_uniform_seed100,本实验最终,930038,1,1217.7458243538194
value_remedy_uniform_seed100,本实验最终,930039,1,1398.5200574138116
value_remedy_uniform_seed100,本实验最终,930040,1,1257.967625409945
value_remedy_uniform_seed100,本实验最终,930041,1,1332.7530974746194
value_remedy_uniform_seed100,本实验最终,930042,1,1311.828941390113
value_remedy_uniform_seed100,本实验最终,930043,1,1230.80242155128
value_remedy_uniform_seed100,本实验最终,930044,1,1385.3531272922305
value_remedy_uniform_seed100,本实验最终,930045,1,809.1099327493394
value_remedy_uniform_seed100,本实验最终,930046,1,1023.0862025816949
value_remedy_uniform_seed100,本实验最终,930047,1,501.235773940213
value_remedy_uniform_seed100,本实验最终,930048,1,1457.3430058254567
value_remedy_uniform_seed100,本实验最终,930049,1,1260.4871927670665
value_remedy_uniform_seed100,本实验最终,930050,1,1395.8186501307048
value_remedy_uniform_seed100,本实验最终,930051,1,1169.5995236830317
value_remedy_uniform_seed100,本实验最终,930052,1,1136.1106335218337
value_remedy_uniform_seed100,本实验最终,930053,1,1303.661036361269
value_remedy_uniform_seed100,本实验最终,930054,1,1132.605304443452
value_remedy_uniform_seed100,本实验最终,930055,1,970.6482112356018
value_remedy_uniform_seed100,本实验最终,930056,1,1298.9010884153763
value_remedy_uniform_seed100,本实验最终,930057,1,527.8958423385651
value_remedy_uniform_seed100,本实验最终,930058,1,1047.1561124617733
value_remedy_uniform_seed100,本实验最终,930059,1,760.3980883600942
value_remedy_uniform_seed100,本实验最终,930060,1,1140.5763391280748
value_remedy_uniform_seed100,本实验最终,930061,1,1298.9972894420425
value_remedy_uniform_seed100,本实验最终,930062,1,995.4275348979218
value_remedy_uniform_seed100,本实验最终,930063,1,1348.6827731729654
value_remedy_uniform_seed100,本实验最终,930064,1,1148.4656763456387
value_remedy_uniform_seed100,本实验最终,930065,1,1285.07773203569
value_remedy_uniform_seed100,本实验最终,930066,1,1275.925229549918
value_remedy_uniform_seed100,本实验最终,930067,1,1173.5791810079327
value_remedy_uniform_seed100,本实验最终,930068,1,1229.0485600477782
value_remedy_uniform_seed100,本实验最终,930069,1,1039.15831256859
value_remedy_uniform_seed100,本实验最终,930070,1,1186.4009397780105
value_remedy_uniform_seed100,本实验最终,930071,1,1311.7563215872908
value_remedy_uniform_seed100,本实验最终,930072,1,808.6977272708756
value_remedy_uniform_seed100,本实验最终,930073,1,1019.2343783738976
value_remedy_uniform_seed100,本实验最终,930074,1,1456.2598012261383
value_remedy_uniform_seed100,本实验最终,930075,1,1311.342076182987
value_remedy_uniform_seed100,本实验最终,930076,1,1319.339745935667
value_remedy_uniform_seed100,本实验最终,930077,1,1242.042851110119
value_remedy_uniform_seed100,本实验最终,930078,1,832.4867992933513
value_remedy_uniform_seed100,本实验最终,930079,1,594.8339515664793
value_remedy_uniform_seed100,本实验最终,930080,1,617.2860664218383
value_remedy_uniform_seed100,本实验最终,930081,1,1320.6371995595657
value_remedy_uniform_seed100,本实验最终,930082,1,1378.589949982239
value_remedy_uniform_seed100,本实验最终,930083,1,1357.7086945500448
value_remedy_uniform_seed100,本实验最终,930084,1,1347.608555840089
value_remedy_uniform_seed100,本实验最终,930085,1,547.2586281530997
value_remedy_uniform_seed100,本实验最终,930086,1,1308.6179737728808
value_remedy_uniform_seed100,本实验最终,930087,1,1010.1433762010864
value_remedy_uniform_seed100,本实验最终,930088,1,1278.823272979359
value_remedy_uniform_seed100,本实验最终,930089,1,1308.426602800238
value_remedy_uniform_seed100,本实验最终,930090,1,695.2713126394957
value_remedy_uniform_seed100,本实验最终,930091,1,1170.8866022840973
value_remedy_uniform_seed100,本实验最终,930092,1,1157.194966347121
value_remedy_uniform_seed100,本实验最终,930093,1,1293.0265996457617
value_remedy_uniform_seed100,本实验最终,930094,1,995.8496208454466
value_remedy_uniform_seed100,本实验最终,930095,1,1209.3901828151213
value_remedy_uniform_seed100,本实验最终,930096,1,1216.6280055751747
value_remedy_uniform_seed100,本实验最终,930097,1,1187.8959388194298
value_remedy_uniform_seed100,本实验最终,930098,1,1150.3294635163943
value_remedy_uniform_seed100,本实验最终,930099,1,1211.632893465557
value_remedy_uniform_seed300,BC重评,930000,1,576.0159090779902
value_remedy_uniform_seed300,BC重评,930001,1,1350.7334090228833
value_remedy_uniform_seed300,BC重评,930002,1,1240.6236827336916
value_remedy_uniform_seed300,BC重评,930003,1,1472.509439521716
value_remedy_uniform_seed300,BC重评,930004,1,1222.6727495171172
value_remedy_uniform_seed300,BC重评,930005,0,375.4458490252366
value_remedy_uniform_seed300,BC重评,930006,1,1158.4259325964229
value_remedy_uniform_seed300,BC重评,930007,1,693.2782741054838
value_remedy_uniform_seed300,BC重评,930008,1,1542.2043429777675
value_remedy_uniform_seed300,BC重评,930009,1,1265.587100859782
value_remedy_uniform_seed300,BC重评,930010,1,816.69002543901
value_remedy_uniform_seed300,BC重评,930011,1,1047.2522575811483
value_remedy_uniform_seed300,BC重评,930012,1,1260.845374591156
value_remedy_uniform_seed300,BC重评,930013,0,331.78494733369837
value_remedy_uniform_seed300,BC重评,930014,1,1259.2709670680445
value_remedy_uniform_seed300,BC重评,930015,1,1208.9723064823884
value_remedy_uniform_seed300,BC重评,930016,1,1260.724785778726
value_remedy_uniform_seed300,BC重评,930017,1,1255.258716815039
value_remedy_uniform_seed300,BC重评,930018,1,836.8956042640219
value_remedy_uniform_seed300,BC重评,930019,1,1208.400273757085
value_remedy_uniform_seed300,BC重评,930020,1,1111.193308142239
value_remedy_uniform_seed300,BC重评,930021,1,1458.528099854217
value_remedy_uniform_seed300,BC重评,930022,1,1275.7958849553042
value_remedy_uniform_seed300,BC重评,930023,1,1341.787807170848
value_remedy_uniform_seed300,BC重评,930024,0,412.4895190638631
value_remedy_uniform_seed300,BC重评,930025,1,1224.4193019374732
value_remedy_uniform_seed300,BC重评,930026,1,964.986593054612
value_remedy_uniform_seed300,BC重评,930027,1,996.0003331666384
value_remedy_uniform_seed300,BC重评,930028,1,1189.019241768056
value_remedy_uniform_seed300,BC重评,930029,1,949.0050221952712
value_remedy_uniform_seed300,BC重评,930030,1,1277.0029277467922
value_remedy_uniform_seed300,BC重评,930031,1,1261.003235302158
value_remedy_uniform_seed300,BC重评,930032,1,1360.3223893900183
value_remedy_uniform_seed300,BC重评,930033,1,1167.2834842499356
value_remedy_uniform_seed300,BC重评,930034,1,1427.777292946074
value_remedy_uniform_seed300,BC重评,930035,1,555.512202602252
value_remedy_uniform_seed300,BC重评,930036,1,1193.5851311678987
value_remedy_uniform_seed300,BC重评,930037,1,1185.6554766174347
value_remedy_uniform_seed300,BC重评,930038,1,1216.4880081235178
value_remedy_uniform_seed300,BC重评,930039,1,1393.3856102520624
value_remedy_uniform_seed300,BC重评,930040,1,1256.4409866142232
value_remedy_uniform_seed300,BC重评,930041,1,1312.5863544301817
value_remedy_uniform_seed300,BC重评,930042,1,840.5656804569471
value_remedy_uniform_seed300,BC重评,930043,1,1230.9408531092265
value_remedy_uniform_seed300,BC重评,930044,1,653.8528719000304
value_remedy_uniform_seed300,BC重评,930045,1,369.7699246549988
value_remedy_uniform_seed300,BC重评,930046,1,1008.0803632456133
value_remedy_uniform_seed300,BC重评,930047,0,210.32475624037804
value_remedy_uniform_seed300,BC重评,930048,1,1331.3141613183182
value_remedy_uniform_seed300,BC重评,930049,1,1261.4002031522045
value_remedy_uniform_seed300,BC重评,930050,1,1391.8892128717566
value_remedy_uniform_seed300,BC重评,930051,1,1164.5732775479191
value_remedy_uniform_seed300,BC重评,930052,1,1129.0813385848687
value_remedy_uniform_seed300,BC重评,930053,1,1256.3954209562376
value_remedy_uniform_seed300,BC重评,930054,1,1131.584930004045
value_remedy_uniform_seed300,BC重评,930055,1,819.9602765037208
value_remedy_uniform_seed300,BC重评,930056,1,1314.9003033960619
value_remedy_uniform_seed300,BC重评,930057,1,517.555072053463
value_remedy_uniform_seed300,BC重评,930058,1,1020.0825348387439
value_remedy_uniform_seed300,BC重评,930059,1,755.0693214412032
value_remedy_uniform_seed300,BC重评,930060,1,1151.951486384468
value_remedy_uniform_seed300,BC重评,930061,1,1260.4695207292216
value_remedy_uniform_seed300,BC重评,930062,1,982.4211439098732
value_remedy_uniform_seed300,BC重评,930063,1,1338.4688237044074
value_remedy_uniform_seed300,BC重评,930064,1,1143.434964439964
value_remedy_uniform_seed300,BC重评,930065,1,1285.4181320940859
value_remedy_uniform_seed300,BC重评,930066,1,1275.032185876948
value_remedy_uniform_seed300,BC重评,930067,1,1172.8379664678012
value_remedy_uniform_seed300,BC重评,930068,1,1235.9124369343854
value_remedy_uniform_seed300,BC重评,930069,1,1036.6453211513945
value_remedy_uniform_seed300,BC重评,930070,1,1160.856243563846
value_remedy_uniform_seed300,BC重评,930071,1,1312.0790355738675
value_remedy_uniform_seed300,BC重评,930072,0,391.61220372936145
value_remedy_uniform_seed300,BC重评,930073,1,1023.7719152462635
value_remedy_uniform_seed300,BC重评,930074,1,1452.5224341669027
value_remedy_uniform_seed300,BC重评,930075,1,1309.7250379802606
value_remedy_uniform_seed300,BC重评,930076,1,1319.425594768762
value_remedy_uniform_seed300,BC重评,930077,1,1238.6153617580392
value_remedy_uniform_seed300,BC重评,930078,1,1401.1033798327812
value_remedy_uniform_seed300,BC重评,930079,1,466.70000563337953
value_remedy_uniform_seed300,BC重评,930080,1,640.242091080632
value_remedy_uniform_seed300,BC重评,930081,0,335.9917580877039
value_remedy_uniform_seed300,BC重评,930082,1,1394.933031878705
value_remedy_uniform_seed300,BC重评,930083,1,1334.490405414573
value_remedy_uniform_seed300,BC重评,930084,1,373.3957415904495
value_remedy_uniform_seed300,BC重评,930085,1,670.1762957527308
value_remedy_uniform_seed300,BC重评,930086,1,907.2630364349327
value_remedy_uniform_seed300,BC重评,930087,1,848.3230587320852
value_remedy_uniform_seed300,BC重评,930088,1,1250.6770508588243
value_remedy_uniform_seed300,BC重评,930089,1,1231.018580046776
value_remedy_uniform_seed300,BC重评,930090,1,783.6376582753616
value_remedy_uniform_seed300,BC重评,930091,1,1170.774236954781
value_remedy_uniform_seed300,BC重评,930092,1,827.0314473817856
value_remedy_uniform_seed300,BC重评,930093,1,1265.5509690741783
value_remedy_uniform_seed300,BC重评,930094,1,920.3856183476901
value_remedy_uniform_seed300,BC重评,930095,1,1200.8444890561727
value_remedy_uniform_seed300,BC重评,930096,1,1225.76311634133
value_remedy_uniform_seed300,BC重评,930097,1,1188.3946612500813
value_remedy_uniform_seed300,BC重评,930098,1,1164.0772787047636
value_remedy_uniform_seed300,BC重评,930099,1,1212.0278892005203
value_remedy_uniform_seed300,原始Offline最终,930000,1,499.0933474039318
value_remedy_uniform_seed300,原始Offline最终,930001,1,1350.4015743584505
value_remedy_uniform_seed300,原始Offline最终,930002,1,1240.9666898233215
value_remedy_uniform_seed300,原始Offline最终,930003,1,1475.6106494368591
value_remedy_uniform_seed300,原始Offline最终,930004,1,1223.0367387416206
value_remedy_uniform_seed300,原始Offline最终,930005,0,372.49129189927265
value_remedy_uniform_seed300,原始Offline最终,930006,1,1159.4207674180682
value_remedy_uniform_seed300,原始Offline最终,930007,1,737.5361623721001
value_remedy_uniform_seed300,原始Offline最终,930008,1,1542.9306144532147
value_remedy_uniform_seed300,原始Offline最终,930009,1,1265.663466056434
value_remedy_uniform_seed300,原始Offline最终,930010,1,908.2247684848223
value_remedy_uniform_seed300,原始Offline最终,930011,1,1000.7450361319686
value_remedy_uniform_seed300,原始Offline最终,930012,1,1252.1699409755115
value_remedy_uniform_seed300,原始Offline最终,930013,0,611.8068466213941
value_remedy_uniform_seed300,原始Offline最终,930014,1,1283.2743656885555
value_remedy_uniform_seed300,原始Offline最终,930015,1,1203.6365835738648
value_remedy_uniform_seed300,原始Offline最终,930016,1,1260.0839106700241
value_remedy_uniform_seed300,原始Offline最终,930017,1,1256.477049248362
value_remedy_uniform_seed300,原始Offline最终,930018,1,842.8796589825307
value_remedy_uniform_seed300,原始Offline最终,930019,1,1208.8422564510297
value_remedy_uniform_seed300,原始Offline最终,930020,1,1135.3918689994641
value_remedy_uniform_seed300,原始Offline最终,930021,1,1451.656691985217
value_remedy_uniform_seed300,原始Offline最终,930022,1,1262.5658510498454
value_remedy_uniform_seed300,原始Offline最终,930023,1,1250.128856425677
value_remedy_uniform_seed300,原始Offline最终,930024,1,1481.3793354094423
value_remedy_uniform_seed300,原始Offline最终,930025,1,504.79721119758227
value_remedy_uniform_seed300,原始Offline最终,930026,1,965.1112974058315
value_remedy_uniform_seed300,原始Offline最终,930027,0,408.7649783996034
value_remedy_uniform_seed300,原始Offline最终,930028,1,1193.0906000066839
value_remedy_uniform_seed300,原始Offline最终,930029,1,928.1435695848655
value_remedy_uniform_seed300,原始Offline最终,930030,1,1276.3785147834005
value_remedy_uniform_seed300,原始Offline最终,930031,1,1209.7995506498619
value_remedy_uniform_seed300,原始Offline最终,930032,1,1360.2452030741667
value_remedy_uniform_seed300,原始Offline最终,930033,1,1163.756447704243
value_remedy_uniform_seed300,原始Offline最终,930034,1,1394.0958940642467
value_remedy_uniform_seed300,原始Offline最终,930035,1,565.7233108256926
value_remedy_uniform_seed300,原始Offline最终,930036,1,1203.3052533540329
value_remedy_uniform_seed300,原始Offline最终,930037,1,1245.724782619131
value_remedy_uniform_seed300,原始Offline最终,930038,1,1216.4091574014358
value_remedy_uniform_seed300,原始Offline最终,930039,1,1393.0090021173573
value_remedy_uniform_seed300,原始Offline最终,930040,1,1266.6703707215793
value_remedy_uniform_seed300,原始Offline最终,930041,1,1312.6881213663937
value_remedy_uniform_seed300,原始Offline最终,930042,1,759.114898062244
value_remedy_uniform_seed300,原始Offline最终,930043,1,1234.2704958127724
value_remedy_uniform_seed300,原始Offline最终,930044,1,680.4877550618344
value_remedy_uniform_seed300,原始Offline最终,930045,1,913.7140219022286
value_remedy_uniform_seed300,原始Offline最终,930046,1,1030.987687067875
value_remedy_uniform_seed300,原始Offline最终,930047,1,829.4223046433862
value_remedy_uniform_seed300,原始Offline最终,930048,0,661.1556625994717
value_remedy_uniform_seed300,原始Offline最终,930049,1,1261.0717366369854
value_remedy_uniform_seed300,原始Offline最终,930050,1,1394.6981891534108
value_remedy_uniform_seed300,原始Offline最终,930051,1,1179.1277408861747
value_remedy_uniform_seed300,原始Offline最终,930052,1,1130.6803960896077
value_remedy_uniform_seed300,原始Offline最终,930053,1,1133.3273847181604
value_remedy_uniform_seed300,原始Offline最终,930054,1,1141.4037112610308
value_remedy_uniform_seed300,原始Offline最终,930055,1,999.5699736686098
value_remedy_uniform_seed300,原始Offline最终,930056,1,1314.7827857933744
value_remedy_uniform_seed300,原始Offline最终,930057,1,1206.430273280452
value_remedy_uniform_seed300,原始Offline最终,930058,1,1007.853366174501
value_remedy_uniform_seed300,原始Offline最终,930059,1,745.5161526331707
value_remedy_uniform_seed300,原始Offline最终,930060,1,1155.1640335294614
value_remedy_uniform_seed300,原始Offline最终,930061,1,1267.11699086838
value_remedy_uniform_seed300,原始Offline最终,930062,1,976.866076028818
value_remedy_uniform_seed300,原始Offline最终,930063,1,1341.8216550739494
value_remedy_uniform_seed300,原始Offline最终,930064,1,1140.9508941041715
value_remedy_uniform_seed300,原始Offline最终,930065,1,1285.9432443234223
value_remedy_uniform_seed300,原始Offline最终,930066,1,1273.884005651752
value_remedy_uniform_seed300,原始Offline最终,930067,1,1173.0725024495794
value_remedy_uniform_seed300,原始Offline最终,930068,1,1236.1424810630863
value_remedy_uniform_seed300,原始Offline最终,930069,1,1041.6424927929422
value_remedy_uniform_seed300,原始Offline最终,930070,1,1156.8432636006423
value_remedy_uniform_seed300,原始Offline最终,930071,1,1311.0212712570099
value_remedy_uniform_seed300,原始Offline最终,930072,1,640.2530413455852
value_remedy_uniform_seed300,原始Offline最终,930073,1,1009.1940134245419
value_remedy_uniform_seed300,原始Offline最终,930074,1,1447.3025529279294
value_remedy_uniform_seed300,原始Offline最终,930075,1,1303.1521046196622
value_remedy_uniform_seed300,原始Offline最终,930076,1,775.2690580656109
value_remedy_uniform_seed300,原始Offline最终,930077,1,1240.920616176068
value_remedy_uniform_seed300,原始Offline最终,930078,1,1368.9715255225437
value_remedy_uniform_seed300,原始Offline最终,930079,1,477.9931333437017
value_remedy_uniform_seed300,原始Offline最终,930080,1,535.5774569665596
value_remedy_uniform_seed300,原始Offline最终,930081,0,356.589564326329
value_remedy_uniform_seed300,原始Offline最终,930082,1,1387.0493652938703
value_remedy_uniform_seed300,原始Offline最终,930083,1,1334.9168967448497
value_remedy_uniform_seed300,原始Offline最终,930084,1,794.1664639854647
value_remedy_uniform_seed300,原始Offline最终,930085,1,500.9809600924441
value_remedy_uniform_seed300,原始Offline最终,930086,1,950.7034230691233
value_remedy_uniform_seed300,原始Offline最终,930087,1,880.8094287720974
value_remedy_uniform_seed300,原始Offline最终,930088,1,1248.2088908959731
value_remedy_uniform_seed300,原始Offline最终,930089,1,935.7122217148616
value_remedy_uniform_seed300,原始Offline最终,930090,1,718.6773754417327
value_remedy_uniform_seed300,原始Offline最终,930091,1,1170.1016754315738
value_remedy_uniform_seed300,原始Offline最终,930092,1,802.7271803953668
value_remedy_uniform_seed300,原始Offline最终,930093,1,1224.1415781262826
value_remedy_uniform_seed300,原始Offline最终,930094,1,975.1601228480462
value_remedy_uniform_seed300,原始Offline最终,930095,1,1201.1968360490068
value_remedy_uniform_seed300,原始Offline最终,930096,1,1226.499349525106
value_remedy_uniform_seed300,原始Offline最终,930097,1,1188.7488786135677
value_remedy_uniform_seed300,原始Offline最终,930098,1,1278.6399445414709
value_remedy_uniform_seed300,原始Offline最终,930099,1,1215.3745067288698
value_remedy_uniform_seed300,本实验最终,930000,1,255.06866049244388
value_remedy_uniform_seed300,本实验最终,930001,1,1355.105637996676
value_remedy_uniform_seed300,本实验最终,930002,1,1240.7507836341124
value_remedy_uniform_seed300,本实验最终,930003,1,1475.5497723441113
value_remedy_uniform_seed300,本实验最终,930004,1,1222.7922381060448
value_remedy_uniform_seed300,本实验最终,930005,0,405.13366719214605
value_remedy_uniform_seed300,本实验最终,930006,1,1159.7648594380348
value_remedy_uniform_seed300,本实验最终,930007,1,795.7568516601424
value_remedy_uniform_seed300,本实验最终,930008,1,1543.850514568235
value_remedy_uniform_seed300,本实验最终,930009,1,1265.891514149082
value_remedy_uniform_seed300,本实验最终,930010,1,785.9872491773547
value_remedy_uniform_seed300,本实验最终,930011,1,1015.0295221260543
value_remedy_uniform_seed300,本实验最终,930012,1,1259.7872070173332
value_remedy_uniform_seed300,本实验最终,930013,1,1032.2794144642726
value_remedy_uniform_seed300,本实验最终,930014,0,627.6099482680107
value_remedy_uniform_seed300,本实验最终,930015,1,1209.240822305785
value_remedy_uniform_seed300,本实验最终,930016,1,1260.5817913533094
value_remedy_uniform_seed300,本实验最终,930017,1,1257.1941591577606
value_remedy_uniform_seed300,本实验最终,930018,1,806.9290935658074
value_remedy_uniform_seed300,本实验最终,930019,1,1208.4863042914137
value_remedy_uniform_seed300,本实验最终,930020,1,1140.2375643118862
value_remedy_uniform_seed300,本实验最终,930021,1,1480.829154819723
value_remedy_uniform_seed300,本实验最终,930022,1,1277.0080650071009
value_remedy_uniform_seed300,本实验最终,930023,1,1341.6036617321024
value_remedy_uniform_seed300,本实验最终,930024,1,1038.8395286597383
value_remedy_uniform_seed300,本实验最终,930025,1,822.5902542408924
value_remedy_uniform_seed300,本实验最终,930026,1,970.4150828774106
value_remedy_uniform_seed300,本实验最终,930027,1,1011.0304730608626
value_remedy_uniform_seed300,本实验最终,930028,1,1192.7122072428665
value_remedy_uniform_seed300,本实验最终,930029,1,952.1284381768444
value_remedy_uniform_seed300,本实验最终,930030,1,1280.0535551862768
value_remedy_uniform_seed300,本实验最终,930031,1,1252.8735708317786
value_remedy_uniform_seed300,本实验最终,930032,1,1360.4227831496914
value_remedy_uniform_seed300,本实验最终,930033,1,1206.9145827928178
value_remedy_uniform_seed300,本实验最终,930034,1,1452.6956409702639
value_remedy_uniform_seed300,本实验最终,930035,1,595.5220038086582
value_remedy_uniform_seed300,本实验最终,930036,1,1199.221290639407
value_remedy_uniform_seed300,本实验最终,930037,1,1174.74937550124
value_remedy_uniform_seed300,本实验最终,930038,1,1212.356195201429
value_remedy_uniform_seed300,本实验最终,930039,1,1397.9067010647304
value_remedy_uniform_seed300,本实验最终,930040,1,1256.3762603814753
value_remedy_uniform_seed300,本实验最终,930041,1,1312.7337029500013
value_remedy_uniform_seed300,本实验最终,930042,1,818.5116605577729
value_remedy_uniform_seed300,本实验最终,930043,1,1234.1894841855496
value_remedy_uniform_seed300,本实验最终,930044,1,1361.1792534708138
value_remedy_uniform_seed300,本实验最终,930045,1,407.86068727536264
value_remedy_uniform_seed300,本实验最终,930046,1,1009.4279925397715
value_remedy_uniform_seed300,本实验最终,930047,1,860.5566847348629
value_remedy_uniform_seed300,本实验最终,930048,1,1348.5217635498811
value_remedy_uniform_seed300,本实验最终,930049,1,1261.3490644630456
value_remedy_uniform_seed300,本实验最终,930050,1,1406.358514930825
value_remedy_uniform_seed300,本实验最终,930051,1,1154.3587006906034
value_remedy_uniform_seed300,本实验最终,930052,1,1129.8949922302409
value_remedy_uniform_seed300,本实验最终,930053,1,1276.5684577566908
value_remedy_uniform_seed300,本实验最终,930054,1,1132.8364347907316
value_remedy_uniform_seed300,本实验最终,930055,1,811.9760912570323
value_remedy_uniform_seed300,本实验最终,930056,1,1309.6994717535717
value_remedy_uniform_seed300,本实验最终,930057,1,675.7546853357678
value_remedy_uniform_seed300,本实验最终,930058,1,992.2244296343749
value_remedy_uniform_seed300,本实验最终,930059,1,763.5109884841243
value_remedy_uniform_seed300,本实验最终,930060,1,1155.6794551459177
value_remedy_uniform_seed300,本实验最终,930061,1,1265.8201822908563
value_remedy_uniform_seed300,本实验最终,930062,1,973.0322541680323
value_remedy_uniform_seed300,本实验最终,930063,1,1349.8867839990844
value_remedy_uniform_seed300,本实验最终,930064,1,1143.532167631974
value_remedy_uniform_seed300,本实验最终,930065,1,1285.8113685518088
value_remedy_uniform_seed300,本实验最终,930066,1,1275.5386868827163
value_remedy_uniform_seed300,本实验最终,930067,1,1172.8609523829568
value_remedy_uniform_seed300,本实验最终,930068,1,1236.8267320792506
value_remedy_uniform_seed300,本实验最终,930069,1,1040.2253257375924
value_remedy_uniform_seed300,本实验最终,930070,1,1160.8809313522218
value_remedy_uniform_seed300,本实验最终,930071,1,1315.4871941167335
value_remedy_uniform_seed300,本实验最终,930072,1,851.7819692206497
value_remedy_uniform_seed300,本实验最终,930073,1,1026.531592006513
value_remedy_uniform_seed300,本实验最终,930074,1,1449.125171015603
value_remedy_uniform_seed300,本实验最终,930075,1,1319.904887418264
value_remedy_uniform_seed300,本实验最终,930076,1,1320.0827842549377
value_remedy_uniform_seed300,本实验最终,930077,1,1238.9593166027876
value_remedy_uniform_seed300,本实验最终,930078,1,1401.4036405332367
value_remedy_uniform_seed300,本实验最终,930079,1,499.1801310739514
value_remedy_uniform_seed300,本实验最终,930080,1,652.0626522485693
value_remedy_uniform_seed300,本实验最终,930081,1,1405.4516192047445
value_remedy_uniform_seed300,本实验最终,930082,1,1406.7280375210166
value_remedy_uniform_seed300,本实验最终,930083,1,1337.929300814742
value_remedy_uniform_seed300,本实验最终,930084,1,1221.299263957264
value_remedy_uniform_seed300,本实验最终,930085,1,469.19986673144444
value_remedy_uniform_seed300,本实验最终,930086,1,852.0068295355286
value_remedy_uniform_seed300,本实验最终,930087,1,861.9406553557914
value_remedy_uniform_seed300,本实验最终,930088,1,1263.9349161177947
value_remedy_uniform_seed300,本实验最终,930089,1,1225.7618313238938
value_remedy_uniform_seed300,本实验最终,930090,1,719.187345439066
value_remedy_uniform_seed300,本实验最终,930091,1,1171.15771123574
value_remedy_uniform_seed300,本实验最终,930092,1,878.8895848474496
value_remedy_uniform_seed300,本实验最终,930093,1,1292.4005995863515
value_remedy_uniform_seed300,本实验最终,930094,1,917.1165678070455
value_remedy_uniform_seed300,本实验最终,930095,1,1201.0390389248025
value_remedy_uniform_seed300,本实验最终,930096,1,1237.2211416901855
value_remedy_uniform_seed300,本实验最终,930097,1,1188.641500729274
value_remedy_uniform_seed300,本实验最终,930098,1,1181.9241135141879
value_remedy_uniform_seed300,本实验最终,930099,1,1215.0636774532577
value_remedy_weighted_seed100,BC重评,930000,1,618.6793952903192
value_remedy_weighted_seed100,BC重评,930001,1,1350.6254049566483
value_remedy_weighted_seed100,BC重评,930002,1,1240.8238337922844
value_remedy_weighted_seed100,BC重评,930003,1,1471.263300509274
value_remedy_weighted_seed100,BC重评,930004,1,1219.301542116277
value_remedy_weighted_seed100,BC重评,930005,1,487.20966301982537
value_remedy_weighted_seed100,BC重评,930006,1,1157.9125892175607
value_remedy_weighted_seed100,BC重评,930007,1,744.3849771671996
value_remedy_weighted_seed100,BC重评,930008,1,1544.9646105154884
value_remedy_weighted_seed100,BC重评,930009,1,1263.9512520953238
value_remedy_weighted_seed100,BC重评,930010,1,490.27546983618686
value_remedy_weighted_seed100,BC重评,930011,1,998.5370188602752
value_remedy_weighted_seed100,BC重评,930012,1,1236.6712321819093
value_remedy_weighted_seed100,BC重评,930013,1,1026.818040351044
value_remedy_weighted_seed100,BC重评,930014,1,1351.7511590581605
value_remedy_weighted_seed100,BC重评,930015,1,1212.9616599866722
value_remedy_weighted_seed100,BC重评,930016,1,1254.5772422609757
value_remedy_weighted_seed100,BC重评,930017,1,618.1962863416727
value_remedy_weighted_seed100,BC重评,930018,1,911.5645866934486
value_remedy_weighted_seed100,BC重评,930019,1,1207.7201319256699
value_remedy_weighted_seed100,BC重评,930020,1,1098.2992235898532
value_remedy_weighted_seed100,BC重评,930021,1,1455.5673426275976
value_remedy_weighted_seed100,BC重评,930022,1,1276.8161142502222
value_remedy_weighted_seed100,BC重评,930023,1,1344.7047247599078
value_remedy_weighted_seed100,BC重评,930024,1,1470.5616254372412
value_remedy_weighted_seed100,BC重评,930025,1,784.5130731761532
value_remedy_weighted_seed100,BC重评,930026,1,965.223406358581
value_remedy_weighted_seed100,BC重评,930027,1,562.5859471951067
value_remedy_weighted_seed100,BC重评,930028,1,1193.0938658797845
value_remedy_weighted_seed100,BC重评,930029,1,907.3807780715383
value_remedy_weighted_seed100,BC重评,930030,1,1276.9315110364682
value_remedy_weighted_seed100,BC重评,930031,1,1251.4162110902257
value_remedy_weighted_seed100,BC重评,930032,1,1352.7653467861815
value_remedy_weighted_seed100,BC重评,930033,1,1204.9171617666125
value_remedy_weighted_seed100,BC重评,930034,1,856.4510851672933
value_remedy_weighted_seed100,BC重评,930035,1,565.8797277498247
value_remedy_weighted_seed100,BC重评,930036,1,1180.8758554835545
value_remedy_weighted_seed100,BC重评,930037,1,533.0368249620494
value_remedy_weighted_seed100,BC重评,930038,1,1212.3117163035345
value_remedy_weighted_seed100,BC重评,930039,1,1391.0364199761655
value_remedy_weighted_seed100,BC重评,930040,1,1245.4299751735743
value_remedy_weighted_seed100,BC重评,930041,1,1322.249121608974
value_remedy_weighted_seed100,BC重评,930042,1,1307.907402071969
value_remedy_weighted_seed100,BC重评,930043,1,1230.8621884021263
value_remedy_weighted_seed100,BC重评,930044,1,1372.1671031976045
value_remedy_weighted_seed100,BC重评,930045,0,271.96611847695686
value_remedy_weighted_seed100,BC重评,930046,1,1012.3780322339423
value_remedy_weighted_seed100,BC重评,930047,0,190.3978497756552
value_remedy_weighted_seed100,BC重评,930048,1,1456.6501418046037
value_remedy_weighted_seed100,BC重评,930049,1,1260.043732756234
value_remedy_weighted_seed100,BC重评,930050,1,1389.7066537568062
value_remedy_weighted_seed100,BC重评,930051,1,1179.5272893372558
value_remedy_weighted_seed100,BC重评,930052,1,1126.0793912037302
value_remedy_weighted_seed100,BC重评,930053,1,1312.7576631409515
value_remedy_weighted_seed100,BC重评,930054,1,1132.5592026592553
value_remedy_weighted_seed100,BC重评,930055,1,925.9531298438432
value_remedy_weighted_seed100,BC重评,930056,1,1307.7880743963797
value_remedy_weighted_seed100,BC重评,930057,1,517.3601387026463
value_remedy_weighted_seed100,BC重评,930058,1,1080.1088724523415
value_remedy_weighted_seed100,BC重评,930059,1,722.4734041438481
value_remedy_weighted_seed100,BC重评,930060,1,1151.3401289905032
value_remedy_weighted_seed100,BC重评,930061,1,1286.500360163077
value_remedy_weighted_seed100,BC重评,930062,1,987.3402355934595
value_remedy_weighted_seed100,BC重评,930063,1,1342.0569392439475
value_remedy_weighted_seed100,BC重评,930064,1,1147.4805182289579
value_remedy_weighted_seed100,BC重评,930065,1,1284.9652719409949
value_remedy_weighted_seed100,BC重评,930066,1,1265.4111317462027
value_remedy_weighted_seed100,BC重评,930067,1,1173.5596385860592
value_remedy_weighted_seed100,BC重评,930068,1,1228.732025143641
value_remedy_weighted_seed100,BC重评,930069,1,1030.143703813694
value_remedy_weighted_seed100,BC重评,930070,1,1172.9168773565473
value_remedy_weighted_seed100,BC重评,930071,1,1310.9408707778398
value_remedy_weighted_seed100,BC重评,930072,1,585.7745462454902
value_remedy_weighted_seed100,BC重评,930073,1,1018.2038722701697
value_remedy_weighted_seed100,BC重评,930074,1,1461.6030844190227
value_remedy_weighted_seed100,BC重评,930075,1,1310.3042842765858
value_remedy_weighted_seed100,BC重评,930076,1,1286.6335601530568
value_remedy_weighted_seed100,BC重评,930077,1,1241.3956097296368
value_remedy_weighted_seed100,BC重评,930078,1,1130.2414681979485
value_remedy_weighted_seed100,BC重评,930079,0,443.976892821824
value_remedy_weighted_seed100,BC重评,930080,1,571.490661944741
value_remedy_weighted_seed100,BC重评,930081,1,1338.2838619718552
value_remedy_weighted_seed100,BC重评,930082,1,1382.8510629575626
value_remedy_weighted_seed100,BC重评,930083,1,1339.244500230146
value_remedy_weighted_seed100,BC重评,930084,1,1347.3769656614038
value_remedy_weighted_seed100,BC重评,930085,1,513.3262303252458
value_remedy_weighted_seed100,BC重评,930086,1,705.2383203633866
value_remedy_weighted_seed100,BC重评,930087,1,966.9436169934047
value_remedy_weighted_seed100,BC重评,930088,1,1250.4959383511991
value_remedy_weighted_seed100,BC重评,930089,1,1299.608580623319
value_remedy_weighted_seed100,BC重评,930090,1,569.1888492695773
value_remedy_weighted_seed100,BC重评,930091,1,1170.8118542830723
value_remedy_weighted_seed100,BC重评,930092,1,1153.1648426540687
value_remedy_weighted_seed100,BC重评,930093,1,1298.8853904685038
value_remedy_weighted_seed100,BC重评,930094,1,984.9390592025824
value_remedy_weighted_seed100,BC重评,930095,1,1208.7502064069413
value_remedy_weighted_seed100,BC重评,930096,1,1208.0872426184137
value_remedy_weighted_seed100,BC重评,930097,1,1187.9981130593962
value_remedy_weighted_seed100,BC重评,930098,1,1132.08445792488
value_remedy_weighted_seed100,BC重评,930099,1,1211.8936815633738
value_remedy_weighted_seed100,原始Offline最终,930000,1,337.48406426703673
value_remedy_weighted_seed100,原始Offline最终,930001,1,1354.994710328929
value_remedy_weighted_seed100,原始Offline最终,930002,1,1240.667360426424
value_remedy_weighted_seed100,原始Offline最终,930003,1,1469.9286166320665
value_remedy_weighted_seed100,原始Offline最终,930004,1,1219.4207031967553
value_remedy_weighted_seed100,原始Offline最终,930005,0,371.0217958865032
value_remedy_weighted_seed100,原始Offline最终,930006,1,1158.9547498498885
value_remedy_weighted_seed100,原始Offline最终,930007,1,746.1663288969492
value_remedy_weighted_seed100,原始Offline最终,930008,1,1544.1843716642559
value_remedy_weighted_seed100,原始Offline最终,930009,1,1260.114474986442
value_remedy_weighted_seed100,原始Offline最终,930010,1,581.2646975234986
value_remedy_weighted_seed100,原始Offline最终,930011,1,963.5402598199271
value_remedy_weighted_seed100,原始Offline最终,930012,1,1261.590067496082
value_remedy_weighted_seed100,原始Offline最终,930013,1,721.9796466234924
value_remedy_weighted_seed100,原始Offline最终,930014,1,1327.3649799115228
value_remedy_weighted_seed100,原始Offline最终,930015,1,1213.2792291378291
value_remedy_weighted_seed100,原始Offline最终,930016,1,1255.451949831161
value_remedy_weighted_seed100,原始Offline最终,930017,1,1254.449779292671
value_remedy_weighted_seed100,原始Offline最终,930018,1,848.3732846203528
value_remedy_weighted_seed100,原始Offline最终,930019,1,1207.3439848085068
value_remedy_weighted_seed100,原始Offline最终,930020,1,1110.008845391978
value_remedy_weighted_seed100,原始Offline最终,930021,1,1454.6683148569186
value_remedy_weighted_seed100,原始Offline最终,930022,1,1276.6689661179412
value_remedy_weighted_seed100,原始Offline最终,930023,1,1330.0699197868425
value_remedy_weighted_seed100,原始Offline最终,930024,1,1465.6340394875397
value_remedy_weighted_seed100,原始Offline最终,930025,1,843.0993386872024
value_remedy_weighted_seed100,原始Offline最终,930026,1,976.0084754163064
value_remedy_weighted_seed100,原始Offline最终,930027,1,561.610541216872
value_remedy_weighted_seed100,原始Offline最终,930028,1,1195.3436292171145
value_remedy_weighted_seed100,原始Offline最终,930029,1,929.2137303436067
value_remedy_weighted_seed100,原始Offline最终,930030,1,1277.041467601198
value_remedy_weighted_seed100,原始Offline最终,930031,1,1253.3957468145272
value_remedy_weighted_seed100,原始Offline最终,930032,1,1359.3111037204017
value_remedy_weighted_seed100,原始Offline最终,930033,1,1215.3728107131403
value_remedy_weighted_seed100,原始Offline最终,930034,1,1376.9097358474626
value_remedy_weighted_seed100,原始Offline最终,930035,1,673.3288871802715
value_remedy_weighted_seed100,原始Offline最终,930036,1,1187.9942748537244
value_remedy_weighted_seed100,原始Offline最终,930037,1,679.953637283466
value_remedy_weighted_seed100,原始Offline最终,930038,1,1216.734470438786
value_remedy_weighted_seed100,原始Offline最终,930039,1,1393.0801640002508
value_remedy_weighted_seed100,原始Offline最终,930040,1,1249.2759679057115
value_remedy_weighted_seed100,原始Offline最终,930041,1,1308.6863433534095
value_remedy_weighted_seed100,原始Offline最终,930042,1,1307.5122411019977
value_remedy_weighted_seed100,原始Offline最终,930043,1,1230.5267630413712
value_remedy_weighted_seed100,原始Offline最终,930044,1,1378.2313134252433
value_remedy_weighted_seed100,原始Offline最终,930045,0,289.47711160933414
value_remedy_weighted_seed100,原始Offline最终,930046,1,1029.8839382602164
value_remedy_weighted_seed100,原始Offline最终,930047,0,205.25080709952925
value_remedy_weighted_seed100,原始Offline最终,930048,1,1456.3904869225667
value_remedy_weighted_seed100,原始Offline最终,930049,1,1260.706191847506
value_remedy_weighted_seed100,原始Offline最终,930050,1,1392.8754639139333
value_remedy_weighted_seed100,原始Offline最终,930051,1,1175.0846015331624
value_remedy_weighted_seed100,原始Offline最终,930052,1,1125.585116839501
value_remedy_weighted_seed100,原始Offline最终,930053,1,1321.6433903833067
value_remedy_weighted_seed100,原始Offline最终,930054,1,1140.80255415597
value_remedy_weighted_seed100,原始Offline最终,930055,1,974.2482527007796
value_remedy_weighted_seed100,原始Offline最终,930056,1,1302.8046887303146
value_remedy_weighted_seed100,原始Offline最终,930057,1,522.6323256582607
value_remedy_weighted_seed100,原始Offline最终,930058,1,1081.824544213556
value_remedy_weighted_seed100,原始Offline最终,930059,1,791.8790263464061
value_remedy_weighted_seed100,原始Offline最终,930060,1,1139.4036529174712
value_remedy_weighted_seed100,原始Offline最终,930061,1,1294.601882199564
value_remedy_weighted_seed100,原始Offline最终,930062,1,1018.6860903366133
value_remedy_weighted_seed100,原始Offline最终,930063,1,1342.7327052910487
value_remedy_weighted_seed100,原始Offline最终,930064,1,1147.8187570588013
value_remedy_weighted_seed100,原始Offline最终,930065,1,1285.0415345609117
value_remedy_weighted_seed100,原始Offline最终,930066,1,1266.1185387484422
value_remedy_weighted_seed100,原始Offline最终,930067,1,1173.3539872533663
value_remedy_weighted_seed100,原始Offline最终,930068,1,1228.360001131327
value_remedy_weighted_seed100,原始Offline最终,930069,1,1005.1550885078152
value_remedy_weighted_seed100,原始Offline最终,930070,1,1186.6544569871876
value_remedy_weighted_seed100,原始Offline最终,930071,1,1310.6711143792259
value_remedy_weighted_seed100,原始Offline最终,930072,1,620.7837436212163
value_remedy_weighted_seed100,原始Offline最终,930073,1,1018.8754254396063
value_remedy_weighted_seed100,原始Offline最终,930074,1,1460.918541872593
value_remedy_weighted_seed100,原始Offline最终,930075,1,1310.6216461257304
value_remedy_weighted_seed100,原始Offline最终,930076,1,1307.6962792836755
value_remedy_weighted_seed100,原始Offline最终,930077,1,1240.8755111032174
value_remedy_weighted_seed100,原始Offline最终,930078,1,1274.0938622125952
value_remedy_weighted_seed100,原始Offline最终,930079,1,529.4629325438364
value_remedy_weighted_seed100,原始Offline最终,930080,1,607.0448251014734
value_remedy_weighted_seed100,原始Offline最终,930081,1,1283.2085503624446
value_remedy_weighted_seed100,原始Offline最终,930082,1,1379.9052093667333
value_remedy_weighted_seed100,原始Offline最终,930083,1,1340.3479393812158
value_remedy_weighted_seed100,原始Offline最终,930084,1,865.8684337441191
value_remedy_weighted_seed100,原始Offline最终,930085,1,429.56773259692204
value_remedy_weighted_seed100,原始Offline最终,930086,1,781.9030144580809
value_remedy_weighted_seed100,原始Offline最终,930087,1,993.7915321670775
value_remedy_weighted_seed100,原始Offline最终,930088,1,1249.7707683205297
value_remedy_weighted_seed100,原始Offline最终,930089,1,1266.908490989883
value_remedy_weighted_seed100,原始Offline最终,930090,1,673.5748797077738
value_remedy_weighted_seed100,原始Offline最终,930091,1,1171.4984373745592
value_remedy_weighted_seed100,原始Offline最终,930092,1,1152.6389075919567
value_remedy_weighted_seed100,原始Offline最终,930093,1,1225.3140006446022
value_remedy_weighted_seed100,原始Offline最终,930094,1,1015.2005546695743
value_remedy_weighted_seed100,原始Offline最终,930095,1,1209.2956290330847
value_remedy_weighted_seed100,原始Offline最终,930096,1,1224.991494805141
value_remedy_weighted_seed100,原始Offline最终,930097,1,1187.7815152088265
value_remedy_weighted_seed100,原始Offline最终,930098,1,1134.4750784217767
value_remedy_weighted_seed100,原始Offline最终,930099,1,1211.734003429941
value_remedy_weighted_seed100,本实验最终,930000,1,268.60881291655915
value_remedy_weighted_seed100,本实验最终,930001,1,1354.9191480226964
value_remedy_weighted_seed100,本实验最终,930002,1,1240.9409409966381
value_remedy_weighted_seed100,本实验最终,930003,1,1472.5509026498687
value_remedy_weighted_seed100,本实验最终,930004,1,1219.3149749262677
value_remedy_weighted_seed100,本实验最终,930005,1,564.0813139698785
value_remedy_weighted_seed100,本实验最终,930006,1,1168.2501715025162
value_remedy_weighted_seed100,本实验最终,930007,1,565.9659922811009
value_remedy_weighted_seed100,本实验最终,930008,1,1558.0040804521927
value_remedy_weighted_seed100,本实验最终,930009,1,1264.348846787004
value_remedy_weighted_seed100,本实验最终,930010,1,496.48708858471804
value_remedy_weighted_seed100,本实验最终,930011,1,998.1520434554875
value_remedy_weighted_seed100,本实验最终,930012,1,1265.482004442854
value_remedy_weighted_seed100,本实验最终,930013,1,1002.8143950320368
value_remedy_weighted_seed100,本实验最终,930014,1,1383.6906334466714
value_remedy_weighted_seed100,本实验最终,930015,1,1212.8350472284362
value_remedy_weighted_seed100,本实验最终,930016,1,1255.7192275904922
value_remedy_weighted_seed100,本实验最终,930017,1,1254.8610970364402
value_remedy_weighted_seed100,本实验最终,930018,1,902.9114351337521
value_remedy_weighted_seed100,本实验最终,930019,1,1215.4421647543918
value_remedy_weighted_seed100,本实验最终,930020,1,1102.803544360101
value_remedy_weighted_seed100,本实验最终,930021,1,1446.6262090714688
value_remedy_weighted_seed100,本实验最终,930022,1,1277.3025208167674
value_remedy_weighted_seed100,本实验最终,930023,1,1350.2187845004805
value_remedy_weighted_seed100,本实验最终,930024,1,1471.375917567606
value_remedy_weighted_seed100,本实验最终,930025,1,900.6779955449165
value_remedy_weighted_seed100,本实验最终,930026,1,985.5443234764209
value_remedy_weighted_seed100,本实验最终,930027,1,599.2657708520719
value_remedy_weighted_seed100,本实验最终,930028,1,1193.0843932061462
value_remedy_weighted_seed100,本实验最终,930029,1,938.5327012322718
value_remedy_weighted_seed100,本实验最终,930030,1,1280.5894486346533
value_remedy_weighted_seed100,本实验最终,930031,1,1250.4773659305054
value_remedy_weighted_seed100,本实验最终,930032,1,1356.0345366395602
value_remedy_weighted_seed100,本实验最终,930033,1,1214.565239479484
value_remedy_weighted_seed100,本实验最终,930034,1,1457.0071544609539
value_remedy_weighted_seed100,本实验最终,930035,1,610.2460733382234
value_remedy_weighted_seed100,本实验最终,930036,1,1169.3734401022143
value_remedy_weighted_seed100,本实验最终,930037,1,519.2331306158662
value_remedy_weighted_seed100,本实验最终,930038,1,1217.914244745631
value_remedy_weighted_seed100,本实验最终,930039,1,1398.0158353542906
value_remedy_weighted_seed100,本实验最终,930040,1,1261.3447169347937
value_remedy_weighted_seed100,本实验最终,930041,1,1331.9486357129174
value_remedy_weighted_seed100,本实验最终,930042,1,1311.5508515485928
value_remedy_weighted_seed100,本实验最终,930043,1,1230.799211199711
value_remedy_weighted_seed100,本实验最终,930044,1,1394.09382225475
value_remedy_weighted_seed100,本实验最终,930045,0,212.56063115667018
value_remedy_weighted_seed100,本实验最终,930046,1,1022.9126902858693
value_remedy_weighted_seed100,本实验最终,930047,1,501.83818395863125
value_remedy_weighted_seed100,本实验最终,930048,1,1460.00510179701
value_remedy_weighted_seed100,本实验最终,930049,1,1260.8292763890777
value_remedy_weighted_seed100,本实验最终,930050,1,1402.2491219397357
value_remedy_weighted_seed100,本实验最终,930051,1,1179.7363656966922
value_remedy_weighted_seed100,本实验最终,930052,1,1136.1738403252675
value_remedy_weighted_seed100,本实验最终,930053,1,1290.973172543228
value_remedy_weighted_seed100,本实验最终,930054,1,1132.5900423016142
value_remedy_weighted_seed100,本实验最终,930055,0,384.1779922243195
value_remedy_weighted_seed100,本实验最终,930056,1,1299.2759843413226
value_remedy_weighted_seed100,本实验最终,930057,1,502.6756932470894
value_remedy_weighted_seed100,本实验最终,930058,1,1046.6596597953376
value_remedy_weighted_seed100,本实验最终,930059,1,760.9044757852562
value_remedy_weighted_seed100,本实验最终,930060,1,1154.583255431996
value_remedy_weighted_seed100,本实验最终,930061,1,1295.8621215972905
value_remedy_weighted_seed100,本实验最终,930062,1,992.9392643523834
value_remedy_weighted_seed100,本实验最终,930063,1,1348.7229085101594
value_remedy_weighted_seed100,本实验最终,930064,1,1148.2681328581516
value_remedy_weighted_seed100,本实验最终,930065,1,1285.0169040312526
value_remedy_weighted_seed100,本实验最终,930066,1,1275.9726019905038
value_remedy_weighted_seed100,本实验最终,930067,1,1173.415090671895
value_remedy_weighted_seed100,本实验最终,930068,1,1229.058619393425
value_remedy_weighted_seed100,本实验最终,930069,1,1040.1098896964822
value_remedy_weighted_seed100,本实验最终,930070,1,1186.1202994527755
value_remedy_weighted_seed100,本实验最终,930071,1,1311.823315457206
value_remedy_weighted_seed100,本实验最终,930072,1,773.8293199361317
value_remedy_weighted_seed100,本实验最终,930073,1,1019.2194016905992
value_remedy_weighted_seed100,本实验最终,930074,1,1456.453753945374
value_remedy_weighted_seed100,本实验最终,930075,1,1311.4107036099635
value_remedy_weighted_seed100,本实验最终,930076,1,1319.119555754638
value_remedy_weighted_seed100,本实验最终,930077,1,1241.8472415962187
value_remedy_weighted_seed100,本实验最终,930078,1,1224.1495837776176
value_remedy_weighted_seed100,本实验最终,930079,1,559.4013134159281
value_remedy_weighted_seed100,本实验最终,930080,1,623.5599772965555
value_remedy_weighted_seed100,本实验最终,930081,1,1335.5682798692865
value_remedy_weighted_seed100,本实验最终,930082,1,1378.318881725193
value_remedy_weighted_seed100,本实验最终,930083,1,1357.8995758336225
value_remedy_weighted_seed100,本实验最终,930084,1,1246.8106763907433
value_remedy_weighted_seed100,本实验最终,930085,1,479.244118213413
value_remedy_weighted_seed100,本实验最终,930086,1,1303.7635468637468
value_remedy_weighted_seed100,本实验最终,930087,1,1011.4047441898484
value_remedy_weighted_seed100,本实验最终,930088,1,1275.5997941396597
value_remedy_weighted_seed100,本实验最终,930089,1,1307.4199200892117
value_remedy_weighted_seed100,本实验最终,930090,1,566.7267464744664
value_remedy_weighted_seed100,本实验最终,930091,1,1177.038571120881
value_remedy_weighted_seed100,本实验最终,930092,1,1157.9488506073608
value_remedy_weighted_seed100,本实验最终,930093,1,1294.504103852622
value_remedy_weighted_seed100,本实验最终,930094,1,1006.0784377988455
value_remedy_weighted_seed100,本实验最终,930095,1,1209.407111041746
value_remedy_weighted_seed100,本实验最终,930096,1,1216.6836124210658
value_remedy_weighted_seed100,本实验最终,930097,1,1187.8863982993282
value_remedy_weighted_seed100,本实验最终,930098,1,1152.2984143126419
value_remedy_weighted_seed100,本实验最终,930099,1,1211.4362903563258
value_remedy_weighted_seed300,BC重评,930000,1,555.0925490258223
value_remedy_weighted_seed300,BC重评,930001,1,1350.7564929245575
value_remedy_weighted_seed300,BC重评,930002,1,1240.6310995007316
value_remedy_weighted_seed300,BC重评,930003,1,1472.5190115674643
value_remedy_weighted_seed300,BC重评,930004,1,1219.6249565415756
value_remedy_weighted_seed300,BC重评,930005,0,410.17392387733025
value_remedy_weighted_seed300,BC重评,930006,1,1158.4601800392734
value_remedy_weighted_seed300,BC重评,930007,1,759.4162270051745
value_remedy_weighted_seed300,BC重评,930008,1,1542.7185601439912
value_remedy_weighted_seed300,BC重评,930009,1,1265.5891681495277
value_remedy_weighted_seed300,BC重评,930010,1,816.3286854984615
value_remedy_weighted_seed300,BC重评,930011,1,1050.3684226250289
value_remedy_weighted_seed300,BC重评,930012,1,1261.0326201022544
value_remedy_weighted_seed300,BC重评,930013,0,291.32292259687915
value_remedy_weighted_seed300,BC重评,930014,1,1239.4656643550584
value_remedy_weighted_seed300,BC重评,930015,1,1209.034435033252
value_remedy_weighted_seed300,BC重评,930016,1,1260.6786764070039
value_remedy_weighted_seed300,BC重评,930017,1,1255.2546210982994
value_remedy_weighted_seed300,BC重评,930018,1,836.659056950104
value_remedy_weighted_seed300,BC重评,930019,1,1208.4050715982173
value_remedy_weighted_seed300,BC重评,930020,1,1109.234618595418
value_remedy_weighted_seed300,BC重评,930021,1,1455.3909341254648
value_remedy_weighted_seed300,BC重评,930022,1,1271.7620445411583
value_remedy_weighted_seed300,BC重评,930023,1,1341.7766026137183
value_remedy_weighted_seed300,BC重评,930024,1,1031.354612480784
value_remedy_weighted_seed300,BC重评,930025,1,1194.0045877200037
value_remedy_weighted_seed300,BC重评,930026,1,964.776047933093
value_remedy_weighted_seed300,BC重评,930027,1,521.2591033126126
value_remedy_weighted_seed300,BC重评,930028,1,1189.0170328446823
value_remedy_weighted_seed300,BC重评,930029,1,952.132827688551
value_remedy_weighted_seed300,BC重评,930030,1,1276.9340188008
value_remedy_weighted_seed300,BC重评,930031,1,1260.960196620566
value_remedy_weighted_seed300,BC重评,930032,1,1360.3653871145361
value_remedy_weighted_seed300,BC重评,930033,1,1167.4187781140567
value_remedy_weighted_seed300,BC重评,930034,1,1455.3065343395233
value_remedy_weighted_seed300,BC重评,930035,1,613.0409190278822
value_remedy_weighted_seed300,BC重评,930036,1,1198.2325918480065
value_remedy_weighted_seed300,BC重评,930037,1,1188.9810888447564
value_remedy_weighted_seed300,BC重评,930038,1,1216.7250006458517
value_remedy_weighted_seed300,BC重评,930039,1,1393.4943647188477
value_remedy_weighted_seed300,BC重评,930040,1,1253.3248347937176
value_remedy_weighted_seed300,BC重评,930041,1,1312.6077878497363
value_remedy_weighted_seed300,BC重评,930042,1,840.543793574212
value_remedy_weighted_seed300,BC重评,930043,1,1230.9488467529022
value_remedy_weighted_seed300,BC重评,930044,1,796.578901335547
value_remedy_weighted_seed300,BC重评,930045,0,265.64223245941145
value_remedy_weighted_seed300,BC重评,930046,1,1008.0815236091325
value_remedy_weighted_seed300,BC重评,930047,0,208.466963714525
value_remedy_weighted_seed300,BC重评,930048,1,1329.4677412642277
value_remedy_weighted_seed300,BC重评,930049,1,1261.347969881299
value_remedy_weighted_seed300,BC重评,930050,1,1391.8859376101564
value_remedy_weighted_seed300,BC重评,930051,1,1164.5412315610138
value_remedy_weighted_seed300,BC重评,930052,1,1129.0124313343658
value_remedy_weighted_seed300,BC重评,930053,1,1257.9984946747502
value_remedy_weighted_seed300,BC重评,930054,1,1131.577163321157
value_remedy_weighted_seed300,BC重评,930055,1,818.866223180329
value_remedy_weighted_seed300,BC重评,930056,1,1314.8604968691748
value_remedy_weighted_seed300,BC重评,930057,1,554.1760065037593
value_remedy_weighted_seed300,BC重评,930058,1,1017.2429069485969
value_remedy_weighted_seed300,BC重评,930059,1,754.1839858269656
value_remedy_weighted_seed300,BC重评,930060,1,1152.0185668883041
value_remedy_weighted_seed300,BC重评,930061,1,1260.19170197623
value_remedy_weighted_seed300,BC重评,930062,1,970.3876441324877
value_remedy_weighted_seed300,BC重评,930063,1,1338.5143994558287
value_remedy_weighted_seed300,BC重评,930064,1,1143.4746355440916
value_remedy_weighted_seed300,BC重评,930065,1,1285.4172694551166
value_remedy_weighted_seed300,BC重评,930066,1,1275.0976460268869
value_remedy_weighted_seed300,BC重评,930067,1,1172.780141267637
value_remedy_weighted_seed300,BC重评,930068,1,1236.0451103164828
value_remedy_weighted_seed300,BC重评,930069,1,1034.4803114451227
value_remedy_weighted_seed300,BC重评,930070,1,1160.721181409742
value_remedy_weighted_seed300,BC重评,930071,1,1312.1944887404363
value_remedy_weighted_seed300,BC重评,930072,1,462.05236356981277
value_remedy_weighted_seed300,BC重评,930073,1,995.1904257852905
value_remedy_weighted_seed300,BC重评,930074,1,1452.5319372124245
value_remedy_weighted_seed300,BC重评,930075,1,1304.2427352801913
value_remedy_weighted_seed300,BC重评,930076,1,1319.3895410714779
value_remedy_weighted_seed300,BC重评,930077,1,1238.5764980854517
value_remedy_weighted_seed300,BC重评,930078,1,1401.1830488756714
value_remedy_weighted_seed300,BC重评,930079,1,540.4422228286659
value_remedy_weighted_seed300,BC重评,930080,1,652.2599512211686
value_remedy_weighted_seed300,BC重评,930081,1,754.1670254467487
value_remedy_weighted_seed300,BC重评,930082,1,1394.6316377476253
value_remedy_weighted_seed300,BC重评,930083,1,1334.594108999399
value_remedy_weighted_seed300,BC重评,930084,1,364.5878775925373
value_remedy_weighted_seed300,BC重评,930085,1,555.4775021829839
value_remedy_weighted_seed300,BC重评,930086,1,895.246078993558
value_remedy_weighted_seed300,BC重评,930087,1,843.6933067573011
value_remedy_weighted_seed300,BC重评,930088,1,1254.0397981044123
value_remedy_weighted_seed300,BC重评,930089,1,1231.135525816013
value_remedy_weighted_seed300,BC重评,930090,1,781.0849923595804
value_remedy_weighted_seed300,BC重评,930091,1,1170.8060573763273
value_remedy_weighted_seed300,BC重评,930092,1,826.4587759628128
value_remedy_weighted_seed300,BC重评,930093,1,1265.4049959582646
value_remedy_weighted_seed300,BC重评,930094,1,918.8843545807661
value_remedy_weighted_seed300,BC重评,930095,1,1200.8550567722998
value_remedy_weighted_seed300,BC重评,930096,1,1225.8068501957173
value_remedy_weighted_seed300,BC重评,930097,1,1188.3770121182088
value_remedy_weighted_seed300,BC重评,930098,1,1170.4212807210686
value_remedy_weighted_seed300,BC重评,930099,1,1212.021370064961
value_remedy_weighted_seed300,原始Offline最终,930000,1,484.0548075829737
value_remedy_weighted_seed300,原始Offline最终,930001,1,1350.4094257035604
value_remedy_weighted_seed300,原始Offline最终,930002,1,1240.925585850153
value_remedy_weighted_seed300,原始Offline最终,930003,1,1475.5857004711906
value_remedy_weighted_seed300,原始Offline最终,930004,1,1223.0413691954586
value_remedy_weighted_seed300,原始Offline最终,930005,0,363.1683615709946
value_remedy_weighted_seed300,原始Offline最终,930006,1,1159.3689695589992
value_remedy_weighted_seed300,原始Offline最终,930007,1,730.0874999209004
value_remedy_weighted_seed300,原始Offline最终,930008,1,1542.9802608259024
value_remedy_weighted_seed300,原始Offline最终,930009,1,1265.677602126248
value_remedy_weighted_seed300,原始Offline最终,930010,1,903.6282519742081
value_remedy_weighted_seed300,原始Offline最终,930011,1,999.3372807841376
value_remedy_weighted_seed300,原始Offline最终,930012,1,1252.2345343802863
value_remedy_weighted_seed300,原始Offline最终,930013,0,590.5930667720445
value_remedy_weighted_seed300,原始Offline最终,930014,1,1286.9492252072423
value_remedy_weighted_seed300,原始Offline最终,930015,1,1193.7923083582668
value_remedy_weighted_seed300,原始Offline最终,930016,1,1260.1037592973657
value_remedy_weighted_seed300,原始Offline最终,930017,1,1255.9599014796681
value_remedy_weighted_seed300,原始Offline最终,930018,1,833.2837791936919
value_remedy_weighted_seed300,原始Offline最终,930019,1,1208.890762878184
value_remedy_weighted_seed300,原始Offline最终,930020,1,1135.6144397058943
value_remedy_weighted_seed300,原始Offline最终,930021,1,1451.352064187991
value_remedy_weighted_seed300,原始Offline最终,930022,1,1262.5380437217652
value_remedy_weighted_seed300,原始Offline最终,930023,1,1310.6388526400112
value_remedy_weighted_seed300,原始Offline最终,930024,1,1481.316246682037
value_remedy_weighted_seed300,原始Offline最终,930025,1,607.2813958955273
value_remedy_weighted_seed300,原始Offline最终,930026,1,964.9209555897818
value_remedy_weighted_seed300,原始Offline最终,930027,1,523.0212156045299
value_remedy_weighted_seed300,原始Offline最终,930028,1,1193.109150880812
value_remedy_weighted_seed300,原始Offline最终,930029,1,928.4871327398915
value_remedy_weighted_seed300,原始Offline最终,930030,1,1276.2598073184504
value_remedy_weighted_seed300,原始Offline最终,930031,1,1209.5493035084432
value_remedy_weighted_seed300,原始Offline最终,930032,1,1360.3003243361354
value_remedy_weighted_seed300,原始Offline最终,930033,1,1163.743018806463
value_remedy_weighted_seed300,原始Offline最终,930034,1,1421.750365647431
value_remedy_weighted_seed300,原始Offline最终,930035,1,363.29640537658094
value_remedy_weighted_seed300,原始Offline最终,930036,1,1203.2827983780096
value_remedy_weighted_seed300,原始Offline最终,930037,1,1245.5323091341195
value_remedy_weighted_seed300,原始Offline最终,930038,1,1216.4175995210335
value_remedy_weighted_seed300,原始Offline最终,930039,1,1392.9569206916199
value_remedy_weighted_seed300,原始Offline最终,930040,1,1266.6870446663465
value_remedy_weighted_seed300,原始Offline最终,930041,1,1312.6815423071935
value_remedy_weighted_seed300,原始Offline最终,930042,1,770.4765643244679
value_remedy_weighted_seed300,原始Offline最终,930043,1,1234.3140671187434
value_remedy_weighted_seed300,原始Offline最终,930044,1,853.2021119748266
value_remedy_weighted_seed300,原始Offline最终,930045,1,960.7705787615364
value_remedy_weighted_seed300,原始Offline最终,930046,1,1031.2832250364554
value_remedy_weighted_seed300,原始Offline最终,930047,1,405.1441005265782
value_remedy_weighted_seed300,原始Offline最终,930048,0,674.8881836020817
value_remedy_weighted_seed300,原始Offline最终,930049,1,1261.0066908977083
value_remedy_weighted_seed300,原始Offline最终,930050,1,1394.8670862408667
value_remedy_weighted_seed300,原始Offline最终,930051,1,1179.0403275574981
value_remedy_weighted_seed300,原始Offline最终,930052,1,1130.6195203765403
value_remedy_weighted_seed300,原始Offline最终,930053,1,1261.6480532712617
value_remedy_weighted_seed300,原始Offline最终,930054,1,1141.4561539866688
value_remedy_weighted_seed300,原始Offline最终,930055,1,999.1927182063051
value_remedy_weighted_seed300,原始Offline最终,930056,1,1314.7896152229187
value_remedy_weighted_seed300,原始Offline最终,930057,1,1247.1906719206577
value_remedy_weighted_seed300,原始Offline最终,930058,1,1008.0809471497632
value_remedy_weighted_seed300,原始Offline最终,930059,1,745.1917833684641
value_remedy_weighted_seed300,原始Offline最终,930060,1,1152.0197973778863
value_remedy_weighted_seed300,原始Offline最终,930061,1,1266.6265479359172
value_remedy_weighted_seed300,原始Offline最终,930062,1,998.3486930350302
value_remedy_weighted_seed300,原始Offline最终,930063,1,1341.6711607743623
value_remedy_weighted_seed300,原始Offline最终,930064,1,1142.7506004958382
value_remedy_weighted_seed300,原始Offline最终,930065,1,1285.9530535526476
value_remedy_weighted_seed300,原始Offline最终,930066,1,1273.6288887570613
value_remedy_weighted_seed300,原始Offline最终,930067,1,1173.0586076812706
value_remedy_weighted_seed300,原始Offline最终,930068,1,1235.8465090840434
value_remedy_weighted_seed300,原始Offline最终,930069,1,1040.9646810162772
value_remedy_weighted_seed300,原始Offline最终,930070,1,1157.0187174981702
value_remedy_weighted_seed300,原始Offline最终,930071,1,1311.077687491589
value_remedy_weighted_seed300,原始Offline最终,930072,1,633.6381287296272
value_remedy_weighted_seed300,原始Offline最终,930073,1,1009.1979980186215
value_remedy_weighted_seed300,原始Offline最终,930074,1,1447.3486178838614
value_remedy_weighted_seed300,原始Offline最终,930075,1,1302.9498432797393
value_remedy_weighted_seed300,原始Offline最终,930076,0,501.1108908815963
value_remedy_weighted_seed300,原始Offline最终,930077,1,1241.1344378340914
value_remedy_weighted_seed300,原始Offline最终,930078,1,1384.2152768122933
value_remedy_weighted_seed300,原始Offline最终,930079,1,490.90031405022313
value_remedy_weighted_seed300,原始Offline最终,930080,1,575.6765221690735
value_remedy_weighted_seed300,原始Offline最终,930081,1,828.27821367259
value_remedy_weighted_seed300,原始Offline最终,930082,1,1386.9879613752767
value_remedy_weighted_seed300,原始Offline最终,930083,1,1334.956758185937
value_remedy_weighted_seed300,原始Offline最终,930084,1,790.2352305874624
value_remedy_weighted_seed300,原始Offline最终,930085,1,736.376341033801
value_remedy_weighted_seed300,原始Offline最终,930086,1,931.7763426867962
value_remedy_weighted_seed300,原始Offline最终,930087,1,880.8235910230999
value_remedy_weighted_seed300,原始Offline最终,930088,1,1248.235212503601
value_remedy_weighted_seed300,原始Offline最终,930089,1,936.1457648427368
value_remedy_weighted_seed300,原始Offline最终,930090,1,685.8492253522977
value_remedy_weighted_seed300,原始Offline最终,930091,1,1170.1092957493438
value_remedy_weighted_seed300,原始Offline最终,930092,1,795.0912126200573
value_remedy_weighted_seed300,原始Offline最终,930093,1,1224.3060084334616
value_remedy_weighted_seed300,原始Offline最终,930094,1,959.1040152740583
value_remedy_weighted_seed300,原始Offline最终,930095,1,1201.166971199336
value_remedy_weighted_seed300,原始Offline最终,930096,1,1227.07453740754
value_remedy_weighted_seed300,原始Offline最终,930097,1,1188.7310075083833
value_remedy_weighted_seed300,原始Offline最终,930098,1,1278.654418433305
value_remedy_weighted_seed300,原始Offline最终,930099,1,1215.2936135458413
value_remedy_weighted_seed300,本实验最终,930000,1,356.62022850275406
value_remedy_weighted_seed300,本实验最终,930001,1,1355.1141575320562
value_remedy_weighted_seed300,本实验最终,930002,1,1240.7532866771244
value_remedy_weighted_seed300,本实验最终,930003,1,1475.5004729224963
value_remedy_weighted_seed300,本实验最终,930004,1,1222.8154266002678
value_remedy_weighted_seed300,本实验最终,930005,1,555.4894224074799
value_remedy_weighted_seed300,本实验最终,930006,1,1159.7346251725753
value_remedy_weighted_seed300,本实验最终,930007,1,790.2206691201465
value_remedy_weighted_seed300,本实验最终,930008,1,1543.863664447353
value_remedy_weighted_seed300,本实验最终,930009,1,1265.9881310609032
value_remedy_weighted_seed300,本实验最终,930010,1,770.3804647858595
value_remedy_weighted_seed300,本实验最终,930011,1,1032.8031844078505
value_remedy_weighted_seed300,本实验最终,930012,1,1255.0262301103855
value_remedy_weighted_seed300,本实验最终,930013,1,377.66217504567965
value_remedy_weighted_seed300,本实验最终,930014,1,978.0915267921511
value_remedy_weighted_seed300,本实验最终,930015,1,1209.2628564150486
value_remedy_weighted_seed300,本实验最终,930016,1,1260.6290400558585
value_remedy_weighted_seed300,本实验最终,930017,1,1260.2852324441162
value_remedy_weighted_seed300,本实验最终,930018,1,812.1511571165737
value_remedy_weighted_seed300,本实验最终,930019,1,1208.4695327906288
value_remedy_weighted_seed300,本实验最终,930020,1,1140.1465627571902
value_remedy_weighted_seed300,本实验最终,930021,1,1480.539842827543
value_remedy_weighted_seed300,本实验最终,930022,1,1277.2661695600063
value_remedy_weighted_seed300,本实验最终,930023,1,1346.2304258057854
value_remedy_weighted_seed300,本实验最终,930024,1,763.2242642265674
value_remedy_weighted_seed300,本实验最终,930025,1,825.1416887001226
value_remedy_weighted_seed300,本实验最终,930026,1,968.9249878455325
value_remedy_weighted_seed300,本实验最终,930027,1,384.98126209327097
value_remedy_weighted_seed300,本实验最终,930028,1,1192.7164000462096
value_remedy_weighted_seed300,本实验最终,930029,1,948.5590584817826
value_remedy_weighted_seed300,本实验最终,930030,1,1280.059359654695
value_remedy_weighted_seed300,本实验最终,930031,1,1251.4221778625904
value_remedy_weighted_seed300,本实验最终,930032,1,1360.5406523333158
value_remedy_weighted_seed300,本实验最终,930033,1,1206.8930835015135
value_remedy_weighted_seed300,本实验最终,930034,1,1453.70187780858
value_remedy_weighted_seed300,本实验最终,930035,1,598.975620540197
value_remedy_weighted_seed300,本实验最终,930036,1,1202.3431602362155
value_remedy_weighted_seed300,本实验最终,930037,1,1174.274260965386
value_remedy_weighted_seed300,本实验最终,930038,1,1212.5426283047022
value_remedy_weighted_seed300,本实验最终,930039,1,1397.8415326842587
value_remedy_weighted_seed300,本实验最终,930040,1,1256.4902148788071
value_remedy_weighted_seed300,本实验最终,930041,1,1312.786662047959
value_remedy_weighted_seed300,本实验最终,930042,1,762.8242344601103
value_remedy_weighted_seed300,本实验最终,930043,1,1234.1655051643506
value_remedy_weighted_seed300,本实验最终,930044,1,1357.54476754151
value_remedy_weighted_seed300,本实验最终,930045,1,352.1239679470915
value_remedy_weighted_seed300,本实验最终,930046,1,1015.2320898735524
value_remedy_weighted_seed300,本实验最终,930047,1,373.8112189348569
value_remedy_weighted_seed300,本实验最终,930048,0,665.7362888780675
value_remedy_weighted_seed300,本实验最终,930049,1,1261.383625898588
value_remedy_weighted_seed300,本实验最终,930050,1,1403.6113746367603
value_remedy_weighted_seed300,本实验最终,930051,1,1146.4755005500951
value_remedy_weighted_seed300,本实验最终,930052,1,1130.1537468940244
value_remedy_weighted_seed300,本实验最终,930053,1,1237.9469707551998
value_remedy_weighted_seed300,本实验最终,930054,1,1131.9959497957268
value_remedy_weighted_seed300,本实验最终,930055,1,831.1209625268434
value_remedy_weighted_seed300,本实验最终,930056,1,1310.1187500357914
value_remedy_weighted_seed300,本实验最终,930057,1,646.0542497884144
value_remedy_weighted_seed300,本实验最终,930058,1,979.3538310975032
value_remedy_weighted_seed300,本实验最终,930059,1,764.9663392130016
value_remedy_weighted_seed300,本实验最终,930060,1,1155.6399627928645
value_remedy_weighted_seed300,本实验最终,930061,1,1265.223726436571
value_remedy_weighted_seed300,本实验最终,930062,1,973.0434453924642
value_remedy_weighted_seed300,本实验最终,930063,1,1343.5601750264686
value_remedy_weighted_seed300,本实验最终,930064,1,1143.6668337483839
value_remedy_weighted_seed300,本实验最终,930065,1,1285.6194547881405
value_remedy_weighted_seed300,本实验最终,930066,1,1275.676312589037
value_remedy_weighted_seed300,本实验最终,930067,1,1172.8145365471084
value_remedy_weighted_seed300,本实验最终,930068,1,1236.7854706935673
value_remedy_weighted_seed300,本实验最终,930069,1,1041.2546222279918
value_remedy_weighted_seed300,本实验最终,930070,1,1158.694515251713
value_remedy_weighted_seed300,本实验最终,930071,1,1315.4093087893584
value_remedy_weighted_seed300,本实验最终,930072,1,885.0402929062294
value_remedy_weighted_seed300,本实验最终,930073,1,1020.5354222845938
value_remedy_weighted_seed300,本实验最终,930074,1,1453.0400822655292
value_remedy_weighted_seed300,本实验最终,930075,1,1319.9206142321027
value_remedy_weighted_seed300,本实验最终,930076,1,1320.0701876411176
value_remedy_weighted_seed300,本实验最终,930077,1,1238.9018799624696
value_remedy_weighted_seed300,本实验最终,930078,1,1401.4838573173115
value_remedy_weighted_seed300,本实验最终,930079,1,476.8786195305554
value_remedy_weighted_seed300,本实验最终,930080,1,649.1933515904154
value_remedy_weighted_seed300,本实验最终,930081,1,1407.351032982294
value_remedy_weighted_seed300,本实验最终,930082,1,1406.6232809990288
value_remedy_weighted_seed300,本实验最终,930083,1,1338.1759576325098
value_remedy_weighted_seed300,本实验最终,930084,1,444.19893679958204
value_remedy_weighted_seed300,本实验最终,930085,1,559.980417888249
value_remedy_weighted_seed300,本实验最终,930086,1,872.2886182871816
value_remedy_weighted_seed300,本实验最终,930087,1,862.8767714882422
value_remedy_weighted_seed300,本实验最终,930088,1,1263.903298085063
value_remedy_weighted_seed300,本实验最终,930089,1,1225.9693041405758
value_remedy_weighted_seed300,本实验最终,930090,1,722.8691512779769
value_remedy_weighted_seed300,本实验最终,930091,1,1171.194166299166
value_remedy_weighted_seed300,本实验最终,930092,1,879.0032658962633
value_remedy_weighted_seed300,本实验最终,930093,1,1292.66558964781
value_remedy_weighted_seed300,本实验最终,930094,1,920.4805410141399
value_remedy_weighted_seed300,本实验最终,930095,1,1201.1545832102468
value_remedy_weighted_seed300,本实验最终,930096,1,1226.8112939599116
value_remedy_weighted_seed300,本实验最终,930097,1,1188.6314597007142
value_remedy_weighted_seed300,本实验最终,930098,1,1179.3957069005282
value_remedy_weighted_seed300,本实验最终,930099,1,1212.0032284558324
